label,cap-shape,cap-surface,cap-color,bruises,gill-attachment,gill-spacing,gill-size,gill-color,stalk-shape,stalk-root,stalk-surface-above-ring,stalk-surface-below-ring,stalk-color-above-ring,stalk-color-below-ring,veil-type,veil-color,ring-number,ring-type,spore-print-color,population,habitat
p,x,f,p,f,f,c,n,g,e,b,s,s,w,w,p,w,o,p,n,v,d
e,f,y,g,t,f,c,b,p,t,b,s,s,g,p,p,w,o,p,k,y,d
e,f,f,g,t,f,c,b,u,t,b,s,s,w,g,p,w,o,p,k,y,d
p,x,s,p,f,f,w,n,p,e,b,s,s,w,w,p,w,o,p,n,v,d
e,x,y,g,t,f,c,b,u,t,b,s,s,w,p,p,w,o,p,n,y,d
p,x,f,g,f,f,c,b,h,e,b,k,k,b,n,p,w,o,l,h,y,p
e,f,y,n,t,f,c,b,w,t,b,s,s,p,p,p,w,o,p,n,y,d
e,f,y,n,t,f,c,b,p,t,b,s,s,p,w,p,w,o,p,n,v,d
p,x,s,g,f,f,c,n,u,e,b,s,s,w,w,p,w,o,p,n,v,d
p,f,f,g,f,f,c,b,g,e,b,k,k,n,n,p,w,o,l,h,v,d
e,f,y,g,t,f,c,b,w,t,b,s,s,w,p,p,w,o,p,k,v,d
e,f,f,e,t,f,c,b,n,t,b,s,s,g,p,p,w,o,p,n,y,d
p,x,f,y,f,f,c,b,p,e,b,k,k,p,b,p,w,o,l,h,y,g
p,x,f,w,f,f,w,n,p,e,b,s,s,w,w,p,w,o,p,k,v,d
p,x,f,g,f,f,c,b,g,e,b,k,k,n,n,p,w,o,l,h,v,d
e,f,f,e,t,f,c,b,p,t,b,s,s,p,g,p,w,o,p,n,y,d
e,f,y,g,t,f,c,b,w,t,b,s,s,g,p,p,w,o,p,n,y,d
p,x,f,g,f,f,c,b,p,e,b,k,k,b,n,p,w,o,l,h,v,p
p,x,f,g,f,f,c,b,h,e,b,k,k,n,p,p,w,o,l,h,v,p
p,x,s,p,f,f,w,n,p,e,b,s,s,w,w,p,w,o,p,k,v,d
e,x,y,g,t,f,c,b,u,t,b,s,s,w,g,p,w,o,p,k,v,d
p,x,f,g,f,f,c,b,p,e,b,k,k,b,p,p,w,o,l,h,v,d
e,f,y,n,t,f,c,b,w,t,b,s,s,p,g,p,w,o,p,n,y,d
e,f,y,e,t,f,c,b,p,t,b,s,s,g,g,p,w,o,p,n,y,d
e,f,y,g,t,f,c,b,p,t,b,s,s,w,g,p,w,o,p,n,y,d
e,f,f,e,t,f,c,b,p,t,b,s,s,w,g,p,w,o,p,k,y,d
e,f,y,g,t,f,c,b,p,t,b,s,s,g,w,p,w,o,p,k,y,d
e,f,f,g,t,f,c,b,w,t,b,s,s,w,g,p,w,o,p,n,y,d
p,x,f,p,f,f,w,n,n,e,b,s,s,w,w,p,w,o,p,k,s,d
e,f,f,e,t,f,c,b,n,t,b,s,s,g,g,p,w,o,p,n,v,d
e,f,f,e,t,f,c,b,u,t,b,s,s,g,w,p,w,o,p,k,v,d
p,x,s,w,f,f,w,n,n,e,b,s,s,w,w,p,w,o,p,n,s,d
e,f,f,g,t,f,c,b,w,t,b,s,s,g,p,p,w,o,p,k,y,d
e,f,y,n,t,f,c,b,n,t,b,s,s,w,w,p,w,o,p,k,v,d
p,x,f,g,f,f,c,b,h,e,b,k,k,p,p,p,w,o,l,h,v,g
e,f,f,e,t,f,c,b,n,t,b,s,s,w,p,p,w,o,p,n,v,d
e,f,f,g,t,f,c,b,w,t,b,s,s,p,g,p,w,o,p,n,v,d
p,x,f,g,f,f,c,b,g,e,b,k,k,b,n,p,w,o,l,h,v,g
e,f,y,e,t,f,c,b,n,t,b,s,s,g,p,p,w,o,p,n,v,d
p,x,f,w,f,f,c,n,p,e,b,s,s,w,w,p,w,o,p,k,s,d
e,f,y,n,t,f,c,b,n,t,b,s,s,w,p,p,w,o,p,n,y,d
e,x,y,g,t,f,c,b,p,t,b,s,s,p,p,p,w,o,p,k,y,d
e,f,y,n,t,f,c,b,u,t,b,s,s,p,p,p,w,o,p,n,y,d
e,f,y,e,t,f,c,b,n,t,b,s,s,p,w,p,w,o,p,n,v,d
p,x,f,g,f,f,c,b,h,e,b,k,k,p,p,p,w,o,l,h,y,d
e,f,y,g,t,f,c,b,u,t,b,s,s,w,p,p,w,o,p,k,y,d
e,f,y,g,t,f,c,b,p,t,b,s,s,p,g,p,w,o,p,n,v,d
e,f,f,e,t,f,c,b,p,t,b,s,s,p,g,p,w,o,p,k,y,d
e,f,f,e,t,f,c,b,n,t,b,s,s,w,g,p,w,o,p,k,y,d
e,f,y,n,t,f,c,b,p,t,b,s,s,g,w,p,w,o,p,n,v,d
e,f,f,n,t,f,c,b,w,t,b,s,s,w,p,p,w,o,p,k,v,d
p,x,f,p,f,f,c,n,u,e,b,s,s,w,w,p,w,o,p,n,s,d
p,x,f,g,f,f,c,b,p,e,b,k,k,n,n,p,w,o,l,h,v,d
e,f,y,e,t,f,c,b,u,t,b,s,s,g,g,p,w,o,p,n,v,d
p,x,s,w,f,f,c,n,g,e,b,s,s,w,w,p,w,o,p,k,s,d
p,x,f,p,f,f,w,n,g,e,b,s,s,w,w,p,w,o,p,n,v,d
p,x,f,g,f,f,c,b,g,e,b,k,k,b,b,p,w,o,l,h,y,p
e,x,f,g,t,f,c,b,p,t,b,s,s,w,p,p,w,o,p,k,v,d
e,f,y,e,t,f,c,b,u,t,b,s,s,w,p,p,w,o,p,k,v,d
p,x,s,p,f,f,w,n,p,e,b,s,s,w,w,p,w,o,p,k,s,d
e,f,y,n,t,f,c,b,n,t,b,s,s,p,p,p,w,o,p,k,y,d
e,f,y,n,t,f,c,b,w,t,b,s,s,g,p,p,w,o,p,k,v,d
e,x,f,e,t,f,c,b,p,t,b,s,s,g,g,p,w,o,p,k,y,d
p,x,f,g,f,f,c,b,g,e,b,k,k,p,n,p,w,o,l,h,v,d
p,x,f,y,f,f,c,b,p,e,b,k,k,n,n,p,w,o,l,h,y,p
e,f,f,g,t,f,c,b,u,t,b,s,s,g,g,p,w,o,p,k,v,d
e,x,f,e,t,f,c,b,n,t,b,s,s,g,p,p,w,o,p,k,y,d
e,f,y,e,t,f,c,b,n,t,b,s,s,p,p,p,w,o,p,n,v,d
p,x,f,g,f,f,w,n,u,e,b,s,s,w,w,p,w,o,p,k,v,d
e,f,y,g,t,f,c,b,w,t,b,s,s,w,w,p,w,o,p,n,y,d
e,f,f,e,t,f,c,b,n,t,b,s,s,p,w,p,w,o,p,k,v,d
p,x,f,g,f,f,c,b,h,e,b,k,k,n,b,p,w,o,l,h,y,p
p,x,s,g,f,f,w,n,g,e,b,s,s,w,w,p,w,o,p,n,s,d
p,x,f,g,f,f,c,b,h,e,b,k,k,p,n,p,w,o,l,h,v,g
e,f,f,e,t,f,c,b,u,t,b,s,s,w,g,p,w,o,p,k,v,d
e,f,y,n,t,f,c,b,u,t,b,s,s,p,w,p,w,o,p,n,v,d
e,f,f,g,t,f,c,b,u,t,b,s,s,w,p,p,w,o,p,n,y,d
p,x,f,g,f,f,c,b,p,e,b,k,k,p,p,p,w,o,l,h,v,g
p,x,f,g,f,f,w,n,u,e,b,s,s,w,w,p,w,o,p,n,v,d
p,x,f,g,f,f,c,b,h,e,b,k,k,n,n,p,w,o,l,h,y,g
e,f,y,e,t,f,c,b,p,t,b,s,s,g,p,p,w,o,p,n,y,d
p,x,f,p,f,f,w,n,g,e,b,s,s,w,w,p,w,o,p,n,s,d
p,x,s,g,f,f,c,n,u,e,b,s,s,w,w,p,w,o,p,k,s,d
e,f,y,e,t,f,c,b,w,t,b,s,s,w,g,p,w,o,p,k,v,d
e,f,f,e,t,f,c,b,p,t,b,s,s,g,p,p,w,o,p,n,y,d
e,f,y,e,t,f,c,b,w,t,b,s,s,p,g,p,w,o,p,k,y,d
e,f,y,n,t,f,c,b,w,t,b,s,s,w,g,p,w,o,p,k,v,d
p,x,s,p,f,f,w,n,g,e,b,s,s,w,w,p,w,o,p,n,v,d
p,x,f,g,f,f,c,b,p,e,b,k,k,n,n,p,w,o,l,h,y,d
e,f,y,e,t,f,c,b,u,t,b,s,s,w,p,p,w,o,p,n,v,d
e,f,f,g,t,f,c,b,u,t,b,s,s,w,g,p,w,o,p,k,v,d
e,f,y,e,t,f,c,b,w,t,b,s,s,g,g,p,w,o,p,k,v,d
p,f,f,y,f,f,c,b,g,e,b,k,k,b,n,p,w,o,l,h,v,p
e,x,f,g,t,f,c,b,p,t,b,s,s,w,p,p,w,o,p,k,y,d
p,x,s,p,f,f,w,n,p,e,b,s,s,w,w,p,w,o,p,n,s,d
e,f,f,g,t,f,c,b,u,t,b,s,s,g,g,p,w,o,p,k,y,d
e,f,f,e,t,f,c,b,u,t,b,s,s,g,w,p,w,o,p,n,v,d
e,x,f,e,t,f,c,b,u,t,b,s,s,p,w,p,w,o,p,k,v,d
e,f,y,g,t,f,c,b,p,t,b,s,s,w,w,p,w,o,p,k,v,d
p,x,y,g,f,f,c,b,g,e,b,k,k,p,p,p,w,o,l,h,y,d
p,x,f,p,f,f,c,n,n,e,b,s,s,w,w,p,w,o,p,k,v,d
e,f,y,g,t,f,c,b,w,t,b,s,s,w,g,p,w,o,p,n,y,d
e,x,y,n,t,f,c,b,w,t,b,s,s,g,w,p,w,o,p,n,v,d
p,x,f,g,f,f,c,n,n,e,b,s,s,w,w,p,w,o,p,n,s,d
e,f,y,n,t,f,c,b,w,t,b,s,s,p,p,p,w,o,p,k,y,d
p,x,f,p,f,f,c,n,g,e,b,s,s,w,w,p,w,o,p,k,v,d
e,f,f,e,t,f,c,b,n,t,b,s,s,p,w,p,w,o,p,n,y,d
e,x,y,n,t,f,c,b,n,t,b,s,s,g,p,p,w,o,p,n,v,d
p,x,f,g,f,f,c,b,g,e,b,k,k,p,n,p,w,o,l,h,y,g
p,x,s,g,f,f,c,n,n,e,b,s,s,w,w,p,w,o,p,k,s,d
e,f,y,n,t,f,c,b,n,t,b,s,s,g,g,p,w,o,p,n,y,d
p,x,s,p,f,f,c,n,p,e,b,s,s,w,w,p,w,o,p,k,v,d
e,f,y,e,t,f,c,b,u,t,b,s,s,p,w,p,w,o,p,k,y,d
p,x,s,g,f,f,w,n,p,e,b,s,s,w,w,p,w,o,p,n,s,d
e,x,y,g,t,f,c,b,p,t,b,s,s,g,w,p,w,o,p,n,v,d
e,x,y,g,t,f,c,b,w,t,b,s,s,p,w,p,w,o,p,k,y,d
e,f,y,n,t,f,c,b,n,t,b,s,s,g,w,p,w,o,p,n,y,d
e,f,y,n,t,f,c,b,u,t,b,s,s,g,w,p,w,o,p,k,v,d
p,x,s,g,f,f,c,n,n,e,b,s,s,w,w,p,w,o,p,n,s,d
e,f,f,g,t,f,c,b,w,t,b,s,s,w,p,p,w,o,p,k,v,d
e,x,f,e,t,f,c,b,u,t,b,s,s,p,g,p,w,o,p,n,v,d
e,f,f,g,t,f,c,b,w,t,b,s,s,g,w,p,w,o,p,n,y,d
e,f,y,e,t,f,c,b,n,t,b,s,s,w,g,p,w,o,p,n,y,d
p,x,s,g,f,f,c,n,p,e,b,s,s,w,w,p,w,o,p,n,s,d
e,f,y,e,t,f,c,b,w,t,b,s,s,g,g,p,w,o,p,k,y,d
e,x,y,g,t,f,c,b,w,t,b,s,s,p,w,p,w,o,p,n,y,d
p,x,f,g,f,f,w,n,g,e,b,s,s,w,w,p,w,o,p,k,v,d
e,f,y,n,t,f,c,b,n,t,b,s,s,w,w,p,w,o,p,k,y,d
e,f,f,e,t,f,c,b,u,t,b,s,s,p,w,p,w,o,p,k,v,d
p,x,f,y,f,f,c,b,p,e,b,k,k,n,b,p,w,o,l,h,v,p
p,x,s,g,f,f,w,n,p,e,b,s,s,w,w,p,w,o,p,k,v,d
e,f,y,n,t,f,c,b,p,t,b,s,s,g,g,p,w,o,p,n,y,d
e,f,y,n,t,f,c,b,u,t,b,s,s,g,g,p,w,o,p,k,y,d
e,f,y,g,t,f,c,b,p,t,b,s,s,p,w,p,w,o,p,n,v,d
p,x,f,g,f,f,c,b,g,e,b,k,k,n,n,p,w,o,l,h,v,p
e,f,y,g,t,f,c,b,w,t,b,s,s,p,w,p,w,o,p,k,y,d
e,f,f,e,t,f,c,b,p,t,b,s,s,g,w,p,w,o,p,n,v,d
e,f,y,g,t,f,c,b,u,t,b,s,s,w,p,p,w,o,p,n,v,d
e,f,f,e,t,f,c,b,u,t,b,s,s,p,g,p,w,o,p,k,y,d
e,f,y,g,t,f,c,b,u,t,b,s,s,w,p,p,w,o,p,k,v,d
p,x,f,p,f,f,c,n,n,e,b,s,s,w,w,p,w,o,p,n,s,d
p,x,f,p,f,f,w,n,p,e,b,s,s,w,w,p,w,o,p,n,v,d
e,f,y,g,t,f,c,b,n,t,b,s,s,p,w,p,w,o,p,n,v,d
e,x,f,n,t,f,c,b,u,t,b,s,s,w,g,p,w,o,p,n,v,d
e,f,y,g,t,f,c,b,p,t,b,s,s,p,p,p,w,o,p,k,y,d
e,f,y,e,t,f,c,b,u,t,b,s,s,w,w,p,w,o,p,k,y,d
p,x,f,g,f,f,c,b,p,e,b,k,k,p,b,p,w,o,l,h,y,g
p,x,f,g,f,f,w,n,n,e,b,s,s,w,w,p,w,o,p,n,v,d
p,x,f,w,f,f,w,n,u,e,b,s,s,w,w,p,w,o,p,n,s,d
e,f,y,n,t,f,c,b,p,t,b,s,s,g,w,p,w,o,p,k,y,d
e,f,y,g,t,f,c,b,p,t,b,s,s,w,w,p,w,o,p,k,y,d
p,x,f,w,f,f,w,n,g,e,b,s,s,w,w,p,w,o,p,k,s,d
e,x,y,g,t,f,c,b,w,t,b,s,s,g,w,p,w,o,p,k,y,d
e,f,y,n,t,f,c,b,w,t,b,s,s,w,p,p,w,o,p,k,v,d
e,f,f,g,t,f,c,b,u,t,b,s,s,g,w,p,w,o,p,k,y,d
e,x,y,e,t,f,c,b,p,t,b,s,s,p,g,p,w,o,p,k,y,d
p,x,f,w,f,f,w,n,n,e,b,s,s,w,w,p,w,o,p,k,s,d
e,f,f,e,t,f,c,b,p,t,b,s,s,g,g,p,w,o,p,n,y,d
p,x,y,y,f,f,c,b,h,e,b,k,k,n,p,p,w,o,l,h,y,d
e,f,f,g,t,f,c,b,p,t,b,s,s,w,p,p,w,o,p,n,v,d
p,x,f,g,f,f,w,n,p,e,b,s,s,w,w,p,w,o,p,n,v,d
p,x,s,p,f,f,c,n,n,e,b,s,s,w,w,p,w,o,p,n,v,d
e,f,f,e,t,f,c,b,u,t,b,s,s,g,p,p,w,o,p,n,y,d
e,f,y,g,t,f,c,b,u,t,b,s,s,g,g,p,w,o,p,k,y,d
e,x,y,n,t,f,c,b,u,t,b,s,s,w,w,p,w,o,p,k,v,d
e,f,y,g,t,f,c,b,n,t,b,s,s,p,w,p,w,o,p,k,y,d
e,f,f,g,t,f,c,b,u,t,b,s,s,g,g,p,w,o,p,n,y,d
p,x,f,g,f,f,c,n,p,e,b,s,s,w,w,p,w,o,p,k,s,d
e,f,y,n,t,f,c,b,p,t,b,s,s,w,p,p,w,o,p,n,v,d
p,x,f,g,f,f,c,b,h,e,b,k,k,p,p,p,w,o,l,h,v,p
e,f,y,g,t,f,c,b,u,t,b,s,s,p,p,p,w,o,p,k,v,d
e,f,f,e,t,f,c,b,u,t,b,s,s,p,g,p,w,o,p,k,v,d
p,x,f,w,f,f,w,n,p,e,b,s,s,w,w,p,w,o,p,n,s,d
e,f,f,e,t,f,c,b,w,t,b,s,s,p,w,p,w,o,p,k,v,d
e,f,f,e,t,f,c,b,p,t,b,s,s,w,w,p,w,o,p,k,v,d
e,f,y,n,t,f,c,b,u,t,b,s,s,p,g,p,w,o,p,k,y,d
p,x,f,g,f,f,c,b,h,e,b,k,k,n,b,p,w,o,l,h,v,g
e,f,y,g,t,f,c,b,w,t,b,s,s,g,g,p,w,o,p,k,y,d
p,x,f,g,f,f,c,b,p,e,b,k,k,p,n,p,w,o,l,h,y,p
e,f,f,e,t,f,c,b,w,t,b,s,s,g,p,p,w,o,p,n,y,d
e,f,f,e,t,f,c,b,u,t,b,s,s,w,w,p,w,o,p,k,y,d
e,f,y,n,t,f,c,b,w,t,b,s,s,w,w,p,w,o,p,n,v,d
p,x,f,g,f,f,c,b,h,e,b,k,k,p,n,p,w,o,l,h,y,d
e,f,f,e,t,f,c,b,u,t,b,s,s,g,g,p,w,o,p,k,y,d
e,x,f,g,t,f,c,b,p,t,b,s,s,g,g,p,w,o,p,n,v,d
e,f,y,g,t,f,c,b,n,t,b,s,s,p,g,p,w,o,p,n,v,d
p,x,f,w,f,f,w,n,u,e,b,s,s,w,w,p,w,o,p,k,s,d
e,f,f,e,t,f,c,b,p,t,b,s,s,w,p,p,w,o,p,k,y,d
e,f,y,e,t,f,c,b,u,t,b,s,s,w,g,p,w,o,p,n,y,d
e,x,f,e,t,f,c,b,n,t,b,s,s,g,p,p,w,o,p,k,v,d
e,f,y,n,t,f,c,b,u,t,b,s,s,p,w,p,w,o,p,k,v,d
p,x,f,g,f,f,c,b,p,e,b,k,k,p,n,p,w,o,l,h,v,g
e,x,f,g,t,f,c,b,n,t,b,s,s,p,w,p,w,o,p,k,v,d
p,x,f,g,f,f,c,b,g,e,b,k,k,b,n,p,w,o,l,h,y,d
e,f,y,g,t,f,c,b,n,t,b,s,s,g,w,p,w,o,p,k,v,d
e,f,y,n,t,f,c,b,p,t,b,s,s,p,p,p,w,o,p,n,y,d
e,f,y,g,t,f,c,b,w,t,b,s,s,w,p,p,w,o,p,n,y,d
p,f,f,g,f,f,c,b,p,e,b,k,k,n,p,p,w,o,l,h,v,d
p,x,s,g,f,f,c,n,g,e,b,s,s,w,w,p,w,o,p,n,v,d
e,f,y,e,t,f,c,b,u,t,b,s,s,p,w,p,w,o,p,k,v,d
e,f,y,n,t,f,c,b,u,t,b,s,s,g,w,p,w,o,p,k,y,d
e,x,f,e,t,f,c,b,n,t,b,s,s,g,w,p,w,o,p,k,v,d
e,f,y,e,t,f,c,b,n,t,b,s,s,p,w,p,w,o,p,k,v,d
e,f,y,g,t,f,c,b,w,t,b,s,s,p,g,p,w,o,p,n,v,d
p,x,s,p,f,f,w,n,n,e,b,s,s,w,w,p,w,o,p,k,s,d
e,f,f,g,t,f,c,b,w,t,b,s,s,p,w,p,w,o,p,n,v,d
e,f,f,e,t,f,c,b,w,t,b,s,s,w,g,p,w,o,p,n,y,d
e,f,f,n,t,f,c,b,p,t,b,s,s,g,g,p,w,o,p,n,y,d
e,f,y,g,t,f,c,b,p,t,b,s,s,p,w,p,w,o,p,k,v,d
e,f,y,e,t,f,c,b,p,t,b,s,s,p,w,p,w,o,p,k,y,d
e,f,y,e,t,f,c,b,w,t,b,s,s,w,w,p,w,o,p,k,y,d
e,x,f,g,t,f,c,b,n,t,b,s,s,p,g,p,w,o,p,n,y,d
p,x,s,w,f,f,w,n,p,e,b,s,s,w,w,p,w,o,p,n,v,d
e,f,y,g,t,f,c,b,n,t,b,s,s,g,g,p,w,o,p,k,y,d
p,x,y,g,f,f,c,b,p,e,b,k,k,b,p,p,w,o,l,h,v,d
e,f,y,n,t,f,c,b,p,t,b,s,s,p,w,p,w,o,p,k,v,d
e,f,y,n,t,f,c,b,p,t,b,s,s,g,g,p,w,o,p,k,v,d
p,x,s,g,f,f,w,n,n,e,b,s,s,w,w,p,w,o,p,k,s,d
e,f,y,g,t,f,c,b,p,t,b,s,s,p,w,p,w,o,p,n,y,d
e,f,y,e,t,f,c,b,w,t,b,s,s,w,w,p,w,o,p,n,v,d
e,f,y,e,t,f,c,b,u,t,b,s,s,p,g,p,w,o,p,n,v,d
e,f,f,e,t,f,c,b,n,t,b,s,s,p,g,p,w,o,p,k,v,d
p,x,s,p,f,f,c,n,n,e,b,s,s,w,w,p,w,o,p,n,s,d
p,x,f,g,f,f,c,b,h,e,b,k,k,p,p,p,w,o,l,h,v,d
e,f,y,e,t,f,c,b,p,t,b,s,s,p,w,p,w,o,p,k,v,d
e,f,y,g,t,f,c,b,p,t,b,s,s,g,w,p,w,o,p,k,v,d
p,x,s,p,f,f,c,n,p,e,b,s,s,w,w,p,w,o,p,n,v,d
e,f,f,g,t,f,c,b,u,t,b,s,s,w,g,p,w,o,p,n,y,d
e,f,f,e,t,f,c,b,n,t,b,s,s,w,w,p,w,o,p,k,y,d
e,x,y,g,t,f,c,b,n,t,b,s,s,w,w,p,w,o,p,n,v,d
e,x,y,n,t,f,c,b,w,t,b,s,s,w,p,p,w,o,p,n,y,d
e,f,f,e,t,f,c,b,p,t,b,s,s,w,p,p,w,o,p,k,v,d
p,x,y,y,f,f,c,b,p,e,b,k,k,n,n,p,w,o,l,h,y,d
p,x,s,g,f,f,w,n,p,e,b,s,s,w,w,p,w,o,p,n,v,d
p,f,f,g,f,f,c,b,p,e,b,k,k,n,n,p,w,o,l,h,v,d
p,x,f,g,f,f,w,n,n,e,b,s,s,w,w,p,w,o,p,k,s,d
e,f,y,g,t,f,c,b,p,t,b,s,s,p,g,p,w,o,p,k,y,d
e,x,y,n,t,f,c,b,w,t,b,s,s,g,w,p,w,o,p,n,y,d
p,x,f,y,f,f,c,b,p,e,b,k,k,b,n,p,w,o,l,h,v,g
e,f,f,g,t,f,c,b,u,t,b,s,s,g,w,p,w,o,p,n,y,d
p,x,f,g,f,f,c,b,p,e,b,k,k,b,p,p,w,o,l,h,v,p
e,f,y,e,t,f,c,b,u,t,b,s,s,g,w,p,w,o,p,n,v,d
e,f,f,e,t,f,c,b,w,t,b,s,s,p,g,p,w,o,p,n,y,d
p,f,f,g,f,f,c,b,p,e,b,k,k,n,p,p,w,o,l,h,y,d
e,f,f,e,t,f,c,b,p,t,b,s,s,p,g,p,w,o,p,k,v,d
p,x,f,y,f,f,c,b,g,e,b,k,k,p,n,p,w,o,l,h,y,p
e,f,f,e,t,f,c,b,u,t,b,s,s,g,g,p,w,o,p,n,v,d
e,f,f,g,t,f,c,b,u,t,b,s,s,w,w,p,w,o,p,n,v,d
e,f,f,e,t,f,c,b,p,t,b,s,s,g,g,p,w,o,p,k,v,d
e,f,y,e,t,f,c,b,n,t,b,s,s,w,w,p,w,o,p,n,v,d
e,f,y,e,t,f,c,b,n,t,b,s,s,g,w,p,w,o,p,k,y,d
e,f,y,n,t,f,c,b,n,t,b,s,s,g,p,p,w,o,p,n,v,d
e,f,f,g,t,f,c,b,w,t,b,s,s,g,g,p,w,o,p,n,v,d
e,f,f,e,t,f,c,b,p,t,b,s,s,p,w,p,w,o,p,n,v,d
p,x,f,g,f,f,c,b,g,e,b,k,k,b,b,p,w,o,l,h,v,g
e,f,y,n,t,f,c,b,u,t,b,s,s,w,g,p,w,o,p,k,y,d
p,x,f,g,f,f,c,n,n,e,b,s,s,w,w,p,w,o,p,k,v,d
e,x,f,e,t,f,c,b,p,t,b,s,s,p,g,p,w,o,p,k,y,d
e,f,f,g,t,f,c,b,p,t,b,s,s,p,p,p,w,o,p,n,v,d
p,x,f,p,f,f,c,n,g,e,b,s,s,w,w,p,w,o,p,k,s,d
e,x,y,n,t,f,c,b,n,t,b,s,s,p,p,p,w,o,p,n,y,d
e,f,y,g,t,f,c,b,w,t,b,s,s,p,g,p,w,o,p,k,y,d
p,f,f,g,f,f,c,b,g,e,b,k,k,n,n,p,w,o,l,h,y,g
e,f,y,g,t,f,c,b,w,t,b,s,s,p,p,p,w,o,p,n,v,d
e,f,y,e,t,f,c,b,n,t,b,s,s,g,g,p,w,o,p,k,y,d
p,x,f,g,f,f,c,b,g,e,b,k,k,p,b,p,w,o,l,h,y,g
e,f,y,n,t,f,c,b,n,t,b,s,s,p,g,p,w,o,p,k,y,d
p,x,f,g,f,f,c,b,h,e,b,k,k,p,b,p,w,o,l,h,v,g
e,f,f,e,t,f,c,b,w,t,b,s,s,w,p,p,w,o,p,k,y,d
e,x,y,n,t,f,c,b,w,t,b,s,s,g,w,p,w,o,p,k,y,d
e,x,y,g,t,f,c,b,p,t,b,s,s,p,w,p,w,o,p,k,y,d
p,x,y,g,f,f,c,b,p,e,b,k,k,b,n,p,w,o,l,h,v,d
p,x,s,g,f,f,c,n,g,e,b,s,s,w,w,p,w,o,p,k,v,d
p,x,f,g,f,f,c,b,p,e,b,k,k,b,b,p,w,o,l,h,v,p
p,f,f,g,f,f,c,b,p,e,b,k,k,b,b,p,w,o,l,h,y,p
e,f,f,g,t,f,c,b,u,t,b,s,s,w,w,p,w,o,p,k,v,d
e,f,y,e,t,f,c,b,p,t,b,s,s,w,p,p,w,o,p,k,v,d
e,f,y,n,t,f,c,b,w,t,b,s,s,p,g,p,w,o,p,n,v,d
e,f,y,n,t,f,c,b,n,t,b,s,s,w,g,p,w,o,p,k,y,d
p,x,y,y,f,f,c,b,p,e,b,k,k,n,b,p,w,o,l,h,y,d
e,f,y,g,t,f,c,b,n,t,b,s,s,w,w,p,w,o,p,k,y,d
p,x,f,p,f,f,w,n,u,e,b,s,s,w,w,p,w,o,p,n,s,d
e,f,f,e,t,f,c,b,w,t,b,s,s,w,w,p,w,o,p,n,y,d
e,x,y,n,t,f,c,b,n,t,b,s,s,w,g,p,w,o,p,k,v,d
e,f,f,e,t,f,c,b,p,t,b,s,s,w,w,p,w,o,p,n,y,d
p,x,f,g,f,f,c,b,h,e,b,k,k,p,n,p,w,o,l,h,y,g
e,f,f,g,t,f,c,b,n,t,b,s,s,p,g,p,w,o,p,k,v,d
p,x,f,g,f,f,c,b,p,e,b,k,k,p,p,p,w,o,l,h,v,d
e,f,f,g,t,f,c,b,w,t,b,s,s,p,g,p,w,o,p,n,y,d
p,x,f,p,f,f,c,n,g,e,b,s,s,w,w,p,w,o,p,n,s,d
e,f,y,n,t,f,c,b,n,t,b,s,s,w,w,p,w,o,p,n,v,d
e,f,y,g,t,f,c,b,n,t,b,s,s,g,p,p,w,o,p,k,y,d
p,x,f,g,f,f,c,b,g,e,b,k,k,n,n,p,w,o,l,h,y,p
p,x,s,g,f,f,w,n,u,e,b,s,s,w,w,p,w,o,p,k,s,d
p,x,f,g,f,f,c,b,h,e,b,k,k,b,p,p,w,o,l,h,v,g
e,f,y,n,t,f,c,b,n,t,b,s,s,w,p,p,w,o,p,n,v,d
p,x,f,g,f,f,c,b,g,e,b,k,k,n,b,p,w,o,l,h,v,d
e,f,y,e,t,f,c,b,p,t,b,s,s,p,g,p,w,o,p,k,v,d
e,f,f,g,t,f,c,b,u,t,b,s,s,p,w,p,w,o,p,n,y,d
e,f,f,g,t,f,c,b,w,t,b,s,s,g,p,p,w,o,p,n,y,d
e,f,y,n,t,f,c,b,w,t,b,s,s,w,p,p,w,o,p,n,y,d
e,f,y,e,t,f,c,b,u,t,b,s,s,w,p,p,w,o,p,n,y,d
e,f,y,g,t,f,c,b,p,t,b,s,s,g,g,p,w,o,p,k,y,d
e,f,y,e,t,f,c,b,u,t,b,s,s,w,g,p,w,o,p,k,y,d
p,x,y,y,f,f,c,b,p,e,b,k,k,p,n,p,w,o,l,h,y,g
e,f,f,g,t,f,c,b,u,t,b,s,s,p,p,p,w,o,p,k,y,d
e,f,y,n,t,f,c,b,u,t,b,s,s,g,w,p,w,o,p,n,v,d
p,x,f,g,f,f,c,b,g,e,b,k,k,n,b,p,w,o,l,h,y,g
p,x,f,g,f,f,c,b,p,e,b,k,k,p,b,p,w,o,l,h,v,d
p,x,f,g,f,f,c,b,p,e,b,k,k,b,n,p,w,o,l,h,y,p
e,f,y,e,t,f,c,b,u,t,b,s,s,g,p,p,w,o,p,n,y,d
e,f,y,n,t,f,c,b,p,t,b,s,s,w,p,p,w,o,p,k,v,d
p,x,f,g,f,f,c,b,p,e,b,k,k,p,b,p,w,o,l,h,v,p
p,f,y,g,f,f,c,b,p,e,b,k,k,b,b,p,w,o,l,h,v,p
e,f,y,n,t,f,c,b,w,t,b,s,s,p,w,p,w,o,p,n,v,d
p,x,f,g,f,f,w,n,n,e,b,s,s,w,w,p,w,o,p,n,s,d
e,f,f,e,t,f,c,b,n,t,b,s,s,p,p,p,w,o,p,n,v,d
e,f,y,n,t,f,c,b,u,t,b,s,s,g,p,p,w,o,p,n,v,d
e,x,y,e,t,f,c,b,u,t,b,s,s,w,p,p,w,o,p,k,y,d
p,x,f,g,f,f,c,b,h,e,b,k,k,b,b,p,w,o,l,h,y,p
e,x,y,n,t,f,c,b,p,t,b,s,s,w,w,p,w,o,p,k,y,d
e,f,y,g,t,f,c,b,p,t,b,s,s,w,g,p,w,o,p,k,v,d
e,f,f,e,t,f,c,b,p,t,b,s,s,p,p,p,w,o,p,n,v,d
e,f,y,g,t,f,c,b,p,t,b,s,s,p,p,p,w,o,p,n,y,d
p,x,f,g,f,f,c,b,g,e,b,k,k,p,b,p,w,o,l,h,v,d
e,f,y,e,t,f,c,b,u,t,b,s,s,w,w,p,w,o,p,n,v,d
e,f,y,e,t,f,c,b,p,t,b,s,s,w,g,p,w,o,p,n,y,d
e,f,f,e,t,f,c,b,u,t,b,s,s,w,w,p,w,o,p,k,v,d
e,f,f,g,t,f,c,b,u,t,b,s,s,g,p,p,w,o,p,k,y,d
e,f,f,g,t,f,c,b,w,t,b,s,s,w,w,p,w,o,p,n,y,d
p,x,f,g,f,f,c,b,h,e,b,k,k,b,b,p,w,o,l,h,v,p
e,f,y,g,t,f,c,b,n,t,b,s,s,w,g,p,w,o,p,k,v,d
p,x,s,p,f,f,c,n,n,e,b,s,s,w,w,p,w,o,p,k,s,d
e,f,y,e,t,f,c,b,n,t,b,s,s,p,p,p,w,o,p,k,y,d
e,f,y,g,t,f,c,b,p,t,b,s,s,g,p,p,w,o,p,k,v,d
e,f,y,e,t,f,c,b,n,t,b,s,s,w,p,p,w,o,p,k,y,d
p,x,s,w,f,f,c,n,u,e,b,s,s,w,w,p,w,o,p,k,s,d
p,x,f,g,f,f,c,b,h,e,b,k,k,n,n,p,w,o,l,h,v,p
p,x,f,g,f,f,c,b,g,e,b,k,k,p,p,p,w,o,l,h,v,g
p,x,f,w,f,f,c,n,n,e,b,s,s,w,w,p,w,o,p,n,s,d
e,f,y,n,t,f,c,b,w,t,b,s,s,g,g,p,w,o,p,k,y,d
e,f,y,g,t,f,c,b,p,t,b,s,s,w,w,p,w,o,p,n,v,d
e,f,y,g,t,f,c,b,n,t,b,s,s,w,w,p,w,o,p,n,v,d
e,f,y,g,t,f,c,b,w,t,b,s,s,w,p,p,w,o,p,n,v,d
p,x,f,w,f,f,w,n,p,e,b,s,s,w,w,p,w,o,p,n,v,d
e,f,f,e,t,f,c,b,u,t,b,s,s,w,w,p,w,o,p,n,v,d
p,x,f,g,f,f,c,b,g,e,b,k,k,p,b,p,w,o,l,h,v,g
e,f,y,n,t,f,c,b,w,t,b,s,s,g,w,p,w,o,p,n,y,d
e,x,y,n,t,f,c,b,n,t,b,s,s,w,p,p,w,o,p,n,y,d
p,x,y,g,f,f,c,b,p,e,b,k,k,b,b,p,w,o,l,h,y,g
e,f,y,e,t,f,c,b,w,t,b,s,s,g,w,p,w,o,p,k,y,d
p,x,f,p,f,f,c,n,p,e,b,s,s,w,w,p,w,o,p,n,s,d
p,x,f,g,f,f,c,b,p,e,b,k,k,p,n,p,w,o,l,h,v,p
e,f,f,e,t,f,c,b,u,t,b,s,s,w,g,p,w,o,p,n,y,d
e,f,f,e,t,f,c,b,w,t,b,s,s,g,w,p,w,o,p,k,y,d
p,x,f,g,f,f,c,n,u,e,b,s,s,w,w,p,w,o,p,n,s,d
p,x,f,g,f,f,c,b,p,e,b,k,k,n,n,p,w,o,l,h,v,g
e,f,y,g,t,f,c,b,n,t,b,s,s,w,w,p,w,o,p,n,y,d
p,x,f,g,f,f,c,b,p,e,b,k,k,n,b,p,w,o,l,h,v,d
e,f,f,e,t,f,c,b,w,t,b,s,s,p,p,p,w,o,p,k,v,d
e,f,y,n,t,f,c,b,u,t,b,s,s,w,p,p,w,o,p,k,v,d
p,f,y,y,f,f,c,b,h,e,b,k,k,b,n,p,w,o,l,h,y,d
e,f,y,e,t,f,c,b,n,t,b,s,s,w,w,p,w,o,p,k,y,d
e,x,f,n,t,f,c,b,w,t,b,s,s,g,p,p,w,o,p,k,v,d
p,f,y,g,f,f,c,b,g,e,b,k,k,p,b,p,w,o,l,h,v,d
e,f,y,g,t,f,c,b,u,t,b,s,s,g,w,p,w,o,p,n,v,d
e,f,f,e,t,f,c,b,w,t,b,s,s,p,w,p,w,o,p,k,y,d
e,f,y,n,t,f,c,b,p,t,b,s,s,p,p,p,w,o,p,n,v,d
e,x,y,g,t,f,c,b,p,t,b,s,s,p,w,p,w,o,p,n,y,d
p,f,f,y,f,f,c,b,g,e,b,k,k,n,b,p,w,o,l,h,v,p
e,f,y,n,t,f,c,b,u,t,b,s,s,p,g,p,w,o,p,n,v,d
e,f,y,e,t,f,c,b,p,t,b,s,s,p,g,p,w,o,p,k,y,d
e,f,f,e,t,f,c,b,u,t,b,s,s,p,g,p,w,o,p,n,y,d
e,f,y,e,t,f,c,b,w,t,b,s,s,g,p,p,w,o,p,n,v,d
e,f,y,n,t,f,c,b,n,t,b,s,s,g,g,p,w,o,p,k,y,d
p,x,y,g,f,f,c,b,h,e,b,k,k,n,n,p,w,o,l,h,y,g
e,f,y,e,t,f,c,b,w,t,b,s,s,p,p,p,w,o,p,n,y,d
e,f,y,n,t,f,c,b,p,t,b,s,s,w,w,p,w,o,p,n,y,d
p,x,f,g,f,f,c,b,p,e,b,k,k,p,n,p,w,o,l,h,v,d
p,x,f,w,f,f,w,n,p,e,b,s,s,w,w,p,w,o,p,k,s,d
p,x,f,g,f,f,w,n,p,e,b,s,s,w,w,p,w,o,p,k,v,d
e,x,y,n,t,f,c,b,u,t,b,s,s,w,g,p,w,o,p,n,y,d
p,f,f,y,f,f,c,b,h,e,b,k,k,p,p,p,w,o,l,h,v,p
p,x,s,g,f,f,w,n,n,e,b,s,s,w,w,p,w,o,p,n,v,d
e,f,y,e,t,f,c,b,w,t,b,s,s,g,w,p,w,o,p,n,v,d
e,f,y,e,t,f,c,b,u,t,b,s,s,w,w,p,w,o,p,n,y,d
p,x,f,y,f,f,c,b,p,e,b,k,k,b,n,p,w,o,l,h,v,d
e,f,y,n,t,f,c,b,u,t,b,s,s,g,g,p,w,o,p,n,v,d
e,f,f,e,t,f,c,b,w,t,b,s,s,w,w,p,w,o,p,n,v,d
p,x,f,y,f,f,c,b,p,e,b,k,k,p,p,p,w,o,l,h,v,p
p,x,f,g,f,f,c,n,n,e,b,s,s,w,w,p,w,o,p,n,v,d
p,x,f,w,f,f,c,n,u,e,b,s,s,w,w,p,w,o,p,n,v,d
p,x,f,g,f,f,c,b,h,e,b,k,k,p,b,p,w,o,l,h,y,g
e,f,f,e,t,f,c,b,n,t,b,s,s,g,g,p,w,o,p,k,v,d
p,f,f,y,f,f,c,b,p,e,b,k,k,b,p,p,w,o,l,h,y,p
e,f,f,e,t,f,c,b,u,t,b,s,s,g,w,p,w,o,p,k,y,d
e,f,y,e,t,f,c,b,w,t,b,s,s,w,p,p,w,o,p,n,v,d
e,f,f,g,t,f,c,b,u,t,b,s,s,p,w,p,w,o,p,n,v,d
e,f,y,e,t,f,c,b,n,t,b,s,s,g,w,p,w,o,p,n,y,d
e,f,f,g,t,f,c,b,u,t,b,s,s,w,p,p,w,o,p,k,v,d
e,f,y,n,t,f,c,b,u,t,b,s,s,w,p,p,w,o,p,k,y,d
e,f,f,e,t,f,c,b,n,t,b,s,s,p,p,p,w,o,p,n,y,d
e,x,f,g,t,f,c,b,p,t,b,s,s,p,w,p,w,o,p,n,y,d
e,f,y,n,t,f,c,b,p,t,b,s,s,w,p,p,w,o,p,n,y,d
e,f,y,n,t,f,c,b,p,t,b,s,s,g,p,p,w,o,p,n,v,d
e,x,f,e,t,f,c,b,n,t,b,s,s,g,w,p,w,o,p,k,y,d
e,f,f,n,t,f,c,b,p,t,b,s,s,w,p,p,w,o,p,k,y,d
p,x,f,g,f,f,c,b,h,e,b,k,k,n,n,p,w,o,l,h,y,p
e,x,y,g,t,f,c,b,n,t,b,s,s,w,g,p,w,o,p,k,y,d
e,f,y,n,t,f,c,b,w,t,b,s,s,p,p,p,w,o,p,n,v,d
e,f,y,n,t,f,c,b,w,t,b,s,s,g,p,p,w,o,p,k,y,d
e,f,y,g,t,f,c,b,w,t,b,s,s,p,g,p,w,o,p,n,y,d
p,x,f,g,f,f,c,b,h,e,b,k,k,p,n,p,w,o,l,h,v,d
p,f,f,g,f,f,c,b,g,e,b,k,k,p,b,p,w,o,l,h,v,d
e,f,y,g,t,f,c,b,u,t,b,s,s,p,p,p,w,o,p,n,y,d
e,f,y,g,t,f,c,b,n,t,b,s,s,g,g,p,w,o,p,n,v,d
p,f,f,y,f,f,c,b,h,e,b,k,k,p,b,p,w,o,l,h,v,p
e,x,y,n,t,f,c,b,n,t,b,s,s,g,w,p,w,o,p,n,v,d
e,f,y,n,t,f,c,b,w,t,b,s,s,g,w,p,w,o,p,k,v,d
p,x,f,g,f,f,w,n,u,e,b,s,s,w,w,p,w,o,p,k,s,d
e,f,y,e,t,f,c,b,w,t,b,s,s,p,w,p,w,o,p,n,y,d
p,x,s,w,f,f,w,n,g,e,b,s,s,w,w,p,w,o,p,k,s,d
e,f,y,n,t,f,c,b,n,t,b,s,s,w,p,p,w,o,p,k,v,d
p,x,s,w,f,f,c,n,n,e,b,s,s,w,w,p,w,o,p,n,v,d
e,f,y,e,t,f,c,b,p,t,b,s,s,p,p,p,w,o,p,n,y,d
e,f,f,e,t,f,c,b,p,t,b,s,s,p,w,p,w,o,p,k,y,d
e,f,y,e,t,f,c,b,w,t,b,s,s,g,w,p,w,o,p,n,y,d
p,x,s,g,f,f,c,n,p,e,b,s,s,w,w,p,w,o,p,k,s,d
e,f,y,e,t,f,c,b,n,t,b,s,s,p,w,p,w,o,p,k,y,d
e,f,y,e,t,f,c,b,n,t,b,s,s,g,g,p,w,o,p,k,v,d
p,x,f,p,f,f,w,n,n,e,b,s,s,w,w,p,w,o,p,k,v,d
e,f,f,e,t,f,c,b,u,t,b,s,s,p,p,p,w,o,p,k,y,d
p,x,s,p,f,f,c,n,u,e,b,s,s,w,w,p,w,o,p,n,v,d
e,f,f,e,t,f,c,b,w,t,b,s,s,p,g,p,w,o,p,k,y,d
p,f,f,g,f,f,c,b,g,e,b,k,k,b,p,p,w,o,l,h,y,g
e,f,y,g,t,f,c,b,p,t,b,s,s,g,p,p,w,o,p,n,y,d
p,x,f,g,f,f,c,b,h,e,b,k,k,n,p,p,w,o,l,h,y,g
e,f,y,e,t,f,c,b,u,t,b,s,s,p,p,p,w,o,p,n,v,d
p,x,s,p,f,f,w,n,g,e,b,s,s,w,w,p,w,o,p,k,s,d
e,f,f,e,t,f,c,b,p,t,b,s,s,g,p,p,w,o,p,n,v,d
e,f,f,g,t,f,c,b,w,t,b,s,s,w,w,p,w,o,p,k,v,d
e,f,y,g,t,f,c,b,n,t,b,s,s,w,w,p,w,o,p,k,v,d
e,f,y,e,t,f,c,b,p,t,b,s,s,g,w,p,w,o,p,n,y,d
e,f,y,e,t,f,c,b,u,t,b,s,s,w,w,p,w,o,p,k,v,d
p,x,f,g,f,f,c,b,g,e,b,k,k,n,p,p,w,o,l,h,y,d
e,x,y,n,t,f,c,b,u,t,b,s,s,g,p,p,w,o,p,n,y,d
e,f,y,e,t,f,c,b,u,t,b,s,s,w,p,p,w,o,p,k,y,d
p,x,f,w,f,f,c,n,n,e,b,s,s,w,w,p,w,o,p,k,v,d
e,f,y,e,t,f,c,b,p,t,b,s,s,g,p,p,w,o,p,k,y,d
e,f,y,g,t,f,c,b,p,t,b,s,s,w,w,p,w,o,p,n,y,d
p,x,f,g,f,f,c,b,p,e,b,k,k,n,b,p,w,o,l,h,y,g
e,f,y,g,t,f,c,b,n,t,b,s,s,p,w,p,w,o,p,n,y,d
e,f,f,e,t,f,c,b,n,t,b,s,s,p,p,p,w,o,p,k,v,d
p,x,s,w,f,f,c,n,n,e,b,s,s,w,w,p,w,o,p,k,s,d
p,x,f,g,f,f,c,b,g,e,b,k,k,p,p,p,w,o,l,h,v,d
p,x,f,g,f,f,c,b,h,e,b,k,k,b,p,p,w,o,l,h,y,d
e,f,y,g,t,f,c,b,u,t,b,s,s,g,g,p,w,o,p,n,v,d
e,f,y,e,t,f,c,b,p,t,b,s,s,p,w,p,w,o,p,n,y,d
p,x,f,g,f,f,c,b,h,e,b,k,k,b,n,p,w,o,l,h,v,p
e,f,f,e,t,f,c,b,n,t,b,s,s,g,p,p,w,o,p,k,y,d
p,x,y,g,f,f,c,b,g,e,b,k,k,n,n,p,w,o,l,h,v,g
e,f,f,e,t,f,c,b,u,t,b,s,s,w,g,p,w,o,p,k,y,d
p,x,f,g,f,f,w,n,p,e,b,s,s,w,w,p,w,o,p,n,s,d
e,f,y,g,t,f,c,b,u,t,b,s,s,g,w,p,w,o,p,k,y,d
e,f,y,e,t,f,c,b,w,t,b,s,s,g,g,p,w,o,p,n,y,d
e,f,y,g,t,f,c,b,w,t,b,s,s,w,p,p,w,o,p,k,y,d
e,x,f,e,t,f,c,b,n,t,b,s,s,w,w,p,w,o,p,n,y,d
p,x,s,p,f,f,c,n,p,e,b,s,s,w,w,p,w,o,p,k,s,d
p,x,f,g,f,f,c,b,p,e,b,k,k,b,n,p,w,o,l,h,y,g
e,f,f,e,t,f,c,b,n,t,b,s,s,p,g,p,w,o,p,n,v,d
p,x,s,w,f,f,w,n,u,e,b,s,s,w,w,p,w,o,p,n,v,d
p,x,f,w,f,f,w,n,n,e,b,s,s,w,w,p,w,o,p,n,v,d
e,x,y,n,t,f,c,b,n,t,b,s,s,w,w,p,w,o,p,n,v,d
e,f,f,e,t,f,c,b,w,t,b,s,s,p,g,p,w,o,p,k,v,d
e,f,y,e,t,f,c,b,w,t,b,s,s,g,p,p,w,o,p,k,v,d
e,x,y,g,t,f,c,b,u,t,b,s,s,g,p,p,w,o,p,n,y,d
p,x,f,g,f,f,c,b,p,e,b,k,k,n,p,p,w,o,l,h,v,d
p,x,f,w,f,f,w,n,n,e,b,s,s,w,w,p,w,o,p,k,v,d
e,f,y,n,t,f,c,b,w,t,b,s,s,w,w,p,w,o,p,k,y,d
e,f,f,e,t,f,c,b,w,t,b,s,s,g,g,p,w,o,p,k,v,d
p,x,s,g,f,f,w,n,p,e,b,s,s,w,w,p,w,o,p,k,s,d
e,x,y,e,t,f,c,b,p,t,b,s,s,p,p,p,w,o,p,k,v,d
p,x,f,g,f,f,c,b,h,e,b,k,k,b,p,p,w,o,l,h,v,d
p,x,f,g,f,f,c,n,p,e,b,s,s,w,w,p,w,o,p,n,v,d
p,x,f,g,f,f,c,b,h,e,b,k,k,n,p,p,w,o,l,h,v,d
p,x,s,g,f,f,c,n,n,e,b,s,s,w,w,p,w,o,p,n,v,d
e,x,f,g,t,f,c,b,w,t,b,s,s,p,g,p,w,o,p,k,v,d
p,x,f,p,f,f,c,n,u,e,b,s,s,w,w,p,w,o,p,k,s,d
e,f,f,e,t,f,c,b,n,t,b,s,s,g,p,p,w,o,p,n,v,d
p,x,s,p,f,f,c,n,n,e,b,s,s,w,w,p,w,o,p,k,v,d
p,x,f,g,f,f,w,n,p,e,b,s,s,w,w,p,w,o,p,k,s,d
e,f,y,e,t,f,c,b,p,t,b,s,s,g,g,p,w,o,p,k,y,d
p,x,s,g,f,f,w,n,n,e,b,s,s,w,w,p,w,o,p,k,v,d
e,f,y,g,t,f,c,b,u,t,b,s,s,w,g,p,w,o,p,n,y,d
e,f,y,n,t,f,c,b,u,t,b,s,s,g,w,p,w,o,p,n,y,d
e,f,f,e,t,f,c,b,p,t,b,s,s,w,g,p,w,o,p,k,v,d
p,x,s,w,f,f,c,n,n,e,b,s,s,w,w,p,w,o,p,n,s,d
e,f,y,n,t,f,c,b,w,t,b,s,s,g,g,p,w,o,p,k,v,d
p,x,f,g,f,f,c,b,h,e,b,k,k,n,b,p,w,o,l,h,v,d
p,f,y,g,f,f,c,b,g,e,b,k,k,b,b,p,w,o,l,h,y,g
p,x,f,g,f,f,c,b,g,e,b,k,k,n,b,p,w,o,l,h,v,g
e,f,y,g,t,f,c,b,p,t,b,s,s,g,w,p,w,o,p,n,v,d
p,x,f,g,f,f,c,b,g,e,b,k,k,n,n,p,w,o,l,h,y,g
p,f,f,g,f,f,c,b,p,e,b,k,k,n,p,p,w,o,l,h,y,p
e,f,f,e,t,f,c,b,n,t,b,s,s,w,w,p,w,o,p,k,v,d
e,f,f,g,t,f,c,b,w,t,b,s,s,g,g,p,w,o,p,k,v,d
p,x,f,w,f,f,c,n,p,e,b,s,s,w,w,p,w,o,p,n,v,d
p,x,f,g,f,f,c,b,p,e,b,k,k,b,p,p,w,o,l,h,y,p
p,x,y,y,f,f,c,b,h,e,b,k,k,n,b,p,w,o,l,h,v,d
p,x,f,w,f,f,w,n,g,e,b,s,s,w,w,p,w,o,p,n,v,d
p,x,y,y,f,f,c,b,g,e,b,k,k,b,p,p,w,o,l,h,v,d
p,x,f,y,f,f,c,b,h,e,b,k,k,n,n,p,w,o,l,h,v,p
p,f,f,y,f,f,c,b,h,e,b,k,k,p,n,p,w,o,l,h,v,d
e,f,y,g,t,f,c,b,n,t,b,s,s,w,g,p,w,o,p,k,y,d
p,x,y,g,f,f,c,b,g,e,b,k,k,b,n,p,w,o,l,h,y,g
p,f,f,y,f,f,c,b,p,e,b,k,k,n,b,p,w,o,l,h,y,p
e,f,y,n,t,f,c,b,n,t,b,s,s,w,g,p,w,o,p,n,v,d
e,f,y,e,t,f,c,b,n,t,b,s,s,w,p,p,w,o,p,n,v,d
p,x,y,y,f,f,c,b,h,e,b,k,k,n,p,p,w,o,l,h,v,g
p,f,y,g,f,f,c,b,g,e,b,k,k,b,b,p,w,o,l,h,v,g
p,f,y,g,f,f,c,b,h,e,b,k,k,n,b,p,w,o,l,h,v,d
e,f,y,e,t,f,c,b,w,t,b,s,s,p,w,p,w,o,p,k,y,d
p,f,y,g,f,f,c,b,p,e,b,k,k,n,b,p,w,o,l,h,v,g
e,f,f,e,t,f,c,b,n,t,b,s,s,g,w,p,w,o,p,k,v,d
e,f,f,g,t,f,c,b,p,t,b,s,s,g,w,p,w,o,p,k,v,d
p,x,f,g,f,f,c,b,p,e,b,k,k,b,b,p,w,o,l,h,y,d
e,f,y,e,t,f,c,b,p,t,b,s,s,g,p,p,w,o,p,n,v,d
p,x,f,y,f,f,c,b,h,e,b,k,k,p,n,p,w,o,l,h,y,d
p,f,y,g,f,f,c,b,h,e,b,k,k,p,b,p,w,o,l,h,y,p
p,f,f,y,f,f,c,b,g,e,b,k,k,p,p,p,w,o,l,h,v,g
p,f,y,y,f,f,c,b,g,e,b,k,k,p,b,p,w,o,l,h,v,d
p,x,y,g,f,f,c,b,p,e,b,k,k,n,n,p,w,o,l,h,y,p
p,f,f,y,f,f,c,b,h,e,b,k,k,b,b,p,w,o,l,h,v,p
p,x,s,p,f,f,c,n,g,e,b,s,s,w,w,p,w,o,p,n,s,d
p,x,y,y,f,f,c,b,p,e,b,k,k,n,n,p,w,o,l,h,v,g
e,f,f,e,t,f,c,b,u,t,b,s,s,g,g,p,w,o,p,k,v,d
e,f,y,e,t,f,c,b,n,t,b,s,s,g,p,p,w,o,p,k,y,d
p,x,f,p,f,f,c,n,n,e,b,s,s,w,w,p,w,o,p,n,v,d
p,x,f,y,f,f,c,b,h,e,b,k,k,b,b,p,w,o,l,h,v,g
p,f,y,g,f,f,c,b,p,e,b,k,k,b,p,p,w,o,l,h,v,g
e,x,y,g,t,f,c,b,p,t,b,s,s,w,p,p,w,o,p,k,y,d
e,f,f,e,t,f,c,b,p,t,b,s,s,w,g,p,w,o,p,n,y,d
p,f,y,g,f,f,c,b,p,e,b,k,k,b,b,p,w,o,l,h,v,d
e,f,y,g,t,f,c,b,u,t,b,s,s,w,g,p,w,o,p,n,v,d
p,x,f,y,f,f,c,b,g,e,b,k,k,n,p,p,w,o,l,h,v,d
p,f,y,g,f,f,c,b,g,e,b,k,k,n,n,p,w,o,l,h,y,g
e,f,f,e,t,f,c,b,p,t,b,s,s,g,g,p,w,o,p,n,v,d
p,x,y,y,f,f,c,b,h,e,b,k,k,n,n,p,w,o,l,h,v,g
p,f,f,y,f,f,c,b,g,e,b,k,k,n,b,p,w,o,l,h,y,g
p,x,y,y,f,f,c,b,p,e,b,k,k,p,p,p,w,o,l,h,v,g
p,f,f,g,f,f,c,b,g,e,b,k,k,p,b,p,w,o,l,h,y,g
p,x,s,p,f,f,w,n,n,e,b,s,s,w,w,p,w,o,p,n,s,d
p,x,f,g,f,f,c,n,g,e,b,s,s,w,w,p,w,o,p,k,s,d
p,x,y,g,f,f,c,b,g,e,b,k,k,b,p,p,w,o,l,h,v,p
p,x,y,y,f,f,c,b,h,e,b,k,k,b,p,p,w,o,l,h,y,p
p,f,f,g,f,f,c,b,h,e,b,k,k,p,n,p,w,o,l,h,v,d
e,f,y,g,t,f,c,b,u,t,b,s,s,w,w,p,w,o,p,n,v,d
p,x,s,g,t,f,c,b,w,t,b,f,s,w,w,p,w,o,p,h,v,u
p,x,y,y,f,f,c,b,g,e,b,k,k,p,b,p,w,o,l,h,y,d
e,f,f,g,t,f,c,b,w,t,b,s,s,p,p,p,w,o,p,k,v,d
p,x,y,g,f,f,c,b,h,e,b,k,k,b,b,p,w,o,l,h,y,p
p,x,y,g,f,f,c,b,h,e,b,k,k,b,n,p,w,o,l,h,y,g
p,f,y,g,f,f,c,b,h,e,b,k,k,b,p,p,w,o,l,h,y,g
p,f,y,y,f,f,c,b,h,e,b,k,k,n,b,p,w,o,l,h,y,p
p,x,f,y,f,f,c,b,p,e,b,k,k,p,n,p,w,o,l,h,y,p
p,x,s,w,f,f,c,n,g,e,b,s,s,w,w,p,w,o,p,k,v,d
p,x,y,g,f,f,c,b,g,e,b,k,k,b,n,p,w,o,l,h,v,p
e,f,y,n,t,f,c,b,u,t,b,s,s,p,p,p,w,o,p,n,v,d
p,x,f,y,f,f,c,b,g,e,b,k,k,n,b,p,w,o,l,h,y,p
p,x,s,p,f,f,c,n,u,e,b,s,s,w,w,p,w,o,p,n,s,d
p,x,f,g,f,f,c,b,h,e,b,k,k,b,b,p,w,o,l,h,v,g
p,x,s,w,f,f,c,n,u,e,b,s,s,w,w,p,w,o,p,k,v,d
e,f,f,e,t,f,c,b,w,t,b,s,s,w,p,p,w,o,p,n,v,d
p,f,y,g,f,f,c,b,p,e,b,k,k,b,n,p,w,o,l,h,v,g
p,x,f,p,f,f,w,n,p,e,b,s,s,w,w,p,w,o,p,k,v,d
p,f,s,w,t,f,c,b,p,t,b,f,s,w,w,p,w,o,p,h,v,g
e,x,y,b,t,f,c,b,e,e,?,s,s,e,w,p,w,t,e,w,c,w
p,f,f,g,f,f,c,b,g,e,b,k,k,n,p,p,w,o,l,h,y,g
p,x,f,g,f,f,c,b,p,e,b,k,k,p,n,p,w,o,l,h,y,g
p,f,f,y,f,f,c,b,h,e,b,k,k,p,p,p,w,o,l,h,y,g
e,f,f,g,t,f,c,b,u,t,b,s,s,p,g,p,w,o,p,n,y,d
p,x,y,g,f,f,c,b,h,e,b,k,k,p,p,p,w,o,l,h,v,d
p,f,f,g,f,f,c,b,p,e,b,k,k,n,n,p,w,o,l,h,y,g
p,x,y,g,f,f,c,b,p,e,b,k,k,p,n,p,w,o,l,h,v,g
p,x,s,g,t,f,c,b,h,t,b,s,s,w,w,p,w,o,p,h,s,g
p,x,y,g,f,f,c,b,h,e,b,k,k,p,b,p,w,o,l,h,v,g
p,f,f,y,f,f,c,b,p,e,b,k,k,b,b,p,w,o,l,h,v,d
e,f,f,e,t,f,c,b,p,t,b,s,s,p,p,p,w,o,p,k,v,d
p,f,y,g,f,f,c,b,p,e,b,k,k,p,b,p,w,o,l,h,y,p
e,f,f,e,t,f,c,b,w,t,b,s,s,g,p,p,w,o,p,k,y,d
p,x,y,g,f,f,c,b,g,e,b,k,k,n,p,p,w,o,l,h,y,p
p,x,y,g,f,f,c,b,h,e,b,k,k,b,p,p,w,o,l,h,y,d
e,f,f,e,t,f,c,b,w,t,b,s,s,g,g,p,w,o,p,n,v,d
e,f,f,g,t,f,c,b,w,t,b,s,s,p,p,p,w,o,p,k,y,d
e,f,y,e,t,f,c,b,w,t,b,s,s,w,g,p,w,o,p,k,y,d
e,f,y,e,t,f,c,b,w,t,b,s,s,g,g,p,w,o,p,n,v,d
p,f,f,g,f,f,c,b,g,e,b,k,k,n,n,p,w,o,l,h,y,p
e,x,f,e,t,f,c,b,u,t,b,s,s,g,p,p,w,o,p,k,v,d
p,f,y,g,f,f,c,b,p,e,b,k,k,p,b,p,w,o,l,h,v,d
p,x,y,y,f,f,c,b,p,e,b,k,k,p,n,p,w,o,l,h,v,p
p,x,y,y,f,f,c,b,p,e,b,k,k,n,n,p,w,o,l,h,v,d
e,x,f,g,t,f,c,b,u,t,b,s,s,g,g,p,w,o,p,n,v,d
e,x,y,g,t,f,c,b,u,t,b,s,s,g,w,p,w,o,p,n,v,d
p,f,y,g,f,f,c,b,g,e,b,k,k,b,p,p,w,o,l,h,v,g
p,f,f,y,f,f,c,b,h,e,b,k,k,p,p,p,w,o,l,h,y,d
p,x,y,g,f,f,c,b,p,e,b,k,k,p,b,p,w,o,l,h,y,p
p,x,y,e,f,f,c,n,b,t,?,k,s,w,w,p,w,o,e,w,v,p
p,x,y,g,f,f,c,b,h,e,b,k,k,n,n,p,w,o,l,h,y,p
p,x,y,g,f,f,c,b,g,e,b,k,k,p,p,p,w,o,l,h,v,g
p,f,f,g,f,f,c,b,p,e,b,k,k,p,b,p,w,o,l,h,v,g
p,f,s,b,t,f,c,b,p,t,b,s,f,w,w,p,w,o,p,h,s,g
p,x,y,y,f,f,c,b,p,e,b,k,k,p,p,p,w,o,l,h,y,d
p,x,s,w,f,f,w,n,u,e,b,s,s,w,w,p,w,o,p,k,s,d
e,f,f,e,t,f,c,b,w,t,b,s,s,w,p,p,w,o,p,k,v,d
p,x,y,g,f,f,c,b,h,e,b,k,k,p,p,p,w,o,l,h,y,g
p,x,f,y,f,f,c,b,p,e,b,k,k,n,p,p,w,o,l,h,v,d
p,x,f,y,f,f,c,b,p,e,b,k,k,p,b,p,w,o,l,h,v,p
p,x,f,y,f,f,c,b,h,e,b,k,k,n,b,p,w,o,l,h,y,d
e,f,f,g,t,f,c,b,u,t,b,s,s,g,w,p,w,o,p,k,v,d
p,x,f,g,f,f,c,b,p,e,b,k,k,p,p,p,w,o,l,h,y,d
e,f,y,n,t,f,c,b,u,t,b,s,s,w,p,p,w,o,p,n,y,d
p,f,y,g,f,f,c,b,h,e,b,k,k,b,p,p,w,o,l,h,v,d
p,f,f,g,f,f,c,b,p,e,b,k,k,p,p,p,w,o,l,h,y,p
p,x,s,w,f,f,w,n,u,e,b,s,s,w,w,p,w,o,p,k,v,d
p,x,y,g,f,f,c,b,h,e,b,k,k,n,n,p,w,o,l,h,y,d
e,f,y,n,t,f,c,b,p,t,b,s,s,g,w,p,w,o,p,k,v,d
p,x,f,w,f,f,c,n,u,e,b,s,s,w,w,p,w,o,p,k,s,d
p,x,f,y,f,f,c,b,p,e,b,k,k,p,b,p,w,o,l,h,v,d
p,x,f,y,f,f,c,b,p,e,b,k,k,b,n,p,w,o,l,h,y,d
p,x,f,p,f,f,w,n,u,e,b,s,s,w,w,p,w,o,p,n,v,d
p,f,f,y,f,f,c,b,p,e,b,k,k,p,p,p,w,o,l,h,y,d
p,f,f,g,f,f,c,b,h,e,b,k,k,p,n,p,w,o,l,h,v,p
e,f,y,e,t,f,c,b,p,t,b,s,s,g,g,p,w,o,p,k,v,d
p,x,y,y,f,f,c,b,g,e,b,k,k,p,b,p,w,o,l,h,v,p
p,x,s,p,f,f,w,n,u,e,b,s,s,w,w,p,w,o,p,k,v,d
e,x,f,e,t,f,c,b,n,t,b,s,s,w,p,p,w,o,p,n,v,d
e,f,f,n,t,f,c,b,n,t,b,s,s,w,w,p,w,o,p,n,y,d
e,f,y,e,t,f,c,b,p,t,b,s,s,w,w,p,w,o,p,k,y,d
p,x,f,y,f,f,c,b,p,e,b,k,k,b,n,p,w,o,l,h,y,g
p,x,y,g,f,f,c,b,g,e,b,k,k,n,p,p,w,o,l,h,v,d
p,f,f,g,f,f,c,b,g,e,b,k,k,n,b,p,w,o,l,h,y,d
p,f,f,y,f,f,c,b,g,e,b,k,k,p,n,p,w,o,l,h,y,p
e,f,y,g,t,f,c,b,w,t,b,s,s,p,p,p,w,o,p,n,y,d
p,x,y,g,f,f,c,b,p,e,b,k,k,b,p,p,w,o,l,h,v,p
p,x,y,y,f,f,c,b,h,e,b,k,k,n,n,p,w,o,l,h,v,p
p,f,f,g,f,f,c,b,p,e,b,k,k,b,n,p,w,o,l,h,v,p
e,f,f,e,t,f,c,b,u,t,b,s,s,w,g,p,w,o,p,n,v,d
e,f,y,n,t,f,c,b,p,t,b,s,s,g,g,p,w,o,p,n,v,d
p,x,f,y,f,f,c,b,h,e,b,k,k,p,n,p,w,o,l,h,y,g
e,f,y,u,f,f,c,n,h,e,?,s,f,w,w,p,w,o,f,h,y,d
e,f,y,n,t,f,c,b,u,t,b,s,s,p,w,p,w,o,p,n,y,d
p,f,y,y,f,f,c,b,p,e,b,k,k,p,p,p,w,o,l,h,v,g
p,x,y,g,f,f,c,b,p,e,b,k,k,n,p,p,w,o,l,h,y,p
p,f,f,y,f,f,c,b,g,e,b,k,k,p,b,p,w,o,l,h,v,p
p,x,f,y,f,f,c,b,h,e,b,k,k,b,b,p,w,o,l,h,v,p
p,x,y,g,f,f,c,b,p,e,b,k,k,b,n,p,w,o,l,h,v,p
e,x,f,g,t,f,c,b,u,t,b,s,s,p,g,p,w,o,p,n,v,d
p,f,y,g,f,f,c,b,h,e,b,k,k,n,p,p,w,o,l,h,y,d
p,f,f,y,f,f,c,b,h,e,b,k,k,b,b,p,w,o,l,h,v,d
e,f,y,n,t,f,c,b,n,t,b,s,s,w,w,p,w,o,p,n,y,d
e,f,f,g,t,f,c,b,w,t,b,s,s,p,g,p,w,o,p,k,y,d
e,x,f,e,t,f,c,b,w,t,b,s,s,p,p,p,w,o,p,k,v,d
e,f,f,e,t,f,c,b,p,t,b,s,s,p,w,p,w,o,p,n,y,d
p,f,y,y,f,f,c,b,h,e,b,k,k,b,b,p,w,o,l,h,v,p
p,x,f,w,f,f,c,n,u,e,b,s,s,w,w,p,w,o,p,k,v,d
p,x,y,g,f,f,c,b,p,e,b,k,k,b,n,p,w,o,l,h,y,d
p,x,y,e,f,f,c,n,b,t,?,k,s,p,p,p,w,o,e,w,v,d
p,x,f,y,f,f,c,b,p,e,b,k,k,b,p,p,w,o,l,h,v,p
p,f,y,g,f,f,c,b,p,e,b,k,k,b,p,p,w,o,l,h,y,d
e,f,y,g,t,f,c,b,u,t,b,s,s,w,p,p,w,o,p,n,y,d
p,x,y,n,f,f,c,n,b,t,?,s,s,p,p,p,w,o,e,w,v,l
e,f,y,e,t,f,c,b,n,t,b,s,s,g,g,p,w,o,p,n,v,d
e,f,f,g,t,f,c,b,w,t,b,s,s,g,g,p,w,o,p,k,y,d
p,f,f,g,f,f,c,b,p,e,b,k,k,b,n,p,w,o,l,h,v,g
e,f,y,g,t,f,c,b,w,t,b,s,s,w,g,p,w,o,p,k,y,d
p,f,f,y,f,f,c,b,p,e,b,k,k,p,n,p,w,o,l,h,y,p
p,f,f,g,f,f,c,b,g,e,b,k,k,n,p,p,w,o,l,h,v,g
e,f,f,e,t,f,c,b,u,t,b,s,s,p,w,p,w,o,p,n,v,d
p,x,f,g,f,f,c,b,p,e,b,k,k,n,p,p,w,o,l,h,y,p
p,f,f,y,f,f,c,b,g,e,b,k,k,p,b,p,w,o,l,h,v,g
p,x,f,y,f,f,c,b,g,e,b,k,k,n,n,p,w,o,l,h,v,d
p,x,f,y,f,f,c,b,g,e,b,k,k,b,b,p,w,o,l,h,y,p
p,f,f,y,f,f,c,b,p,e,b,k,k,p,n,p,w,o,l,h,v,g
p,f,f,y,f,f,c,b,h,e,b,k,k,n,b,p,w,o,l,h,v,g
p,x,y,g,f,f,c,b,p,e,b,k,k,n,b,p,w,o,l,h,v,p
e,f,y,e,t,f,c,b,u,t,b,s,s,g,g,p,w,o,p,k,v,d
p,f,f,y,f,f,c,b,h,e,b,k,k,n,p,p,w,o,l,h,v,g
e,f,f,n,t,f,c,b,u,t,b,s,s,w,p,p,w,o,p,k,v,d
e,f,y,n,t,f,c,b,p,t,b,s,s,p,p,p,w,o,p,k,y,d
p,f,y,g,f,f,c,b,p,e,b,k,k,b,p,p,w,o,l,h,y,p
e,f,f,e,t,f,c,b,p,t,b,s,s,g,g,p,w,o,p,k,y,d
p,x,y,y,f,f,c,b,g,e,b,k,k,b,b,p,w,o,l,h,v,g
p,f,y,g,f,f,c,b,h,e,b,k,k,b,b,p,w,o,l,h,v,d
p,x,s,g,f,f,c,n,g,e,b,s,s,w,w,p,w,o,p,k,s,d
e,f,f,g,t,f,c,b,w,t,b,s,s,g,p,p,w,o,p,k,v,d
p,f,y,g,f,f,c,b,g,e,b,k,k,p,p,p,w,o,l,h,y,g
p,x,f,g,f,f,c,b,h,e,b,k,k,b,b,p,w,o,l,h,y,d
p,f,y,g,f,f,c,b,h,e,b,k,k,b,n,p,w,o,l,h,v,p
e,f,y,n,t,f,c,b,w,t,b,s,s,p,w,p,w,o,p,k,v,d
p,x,y,y,f,f,c,b,p,e,b,k,k,b,n,p,w,o,l,h,y,d
p,f,f,g,f,f,c,b,g,e,b,k,k,p,b,p,w,o,l,h,y,d
e,f,y,e,t,f,c,b,w,t,b,s,s,w,g,p,w,o,p,n,v,d
e,f,y,e,t,f,c,b,w,t,b,s,s,p,g,p,w,o,p,k,v,d
p,f,s,g,t,f,c,b,p,t,b,f,f,w,w,p,w,o,p,h,v,u
p,x,f,y,f,f,c,b,h,e,b,k,k,b,n,p,w,o,l,h,v,d
p,f,y,g,f,f,c,b,p,e,b,k,k,b,n,p,w,o,l,h,v,d
p,f,y,g,f,f,c,b,p,e,b,k,k,n,p,p,w,o,l,h,v,p
e,f,y,e,t,f,c,b,w,t,b,s,s,w,w,p,w,o,p,n,y,d
p,x,y,g,f,f,c,b,h,e,b,k,k,b,n,p,w,o,l,h,v,g
e,f,f,e,t,f,c,b,p,t,b,s,s,w,p,p,w,o,p,n,v,d
e,f,y,e,t,f,c,b,p,t,b,s,s,p,w,p,w,o,p,n,v,d
e,f,y,e,t,f,c,b,n,t,b,s,s,p,p,p,w,o,p,n,y,d
p,f,f,y,f,f,c,b,h,e,b,k,k,b,n,p,w,o,l,h,v,g
e,f,y,n,t,f,c,b,u,t,b,s,s,g,p,p,w,o,p,k,y,d
p,x,y,g,f,f,c,b,g,e,b,k,k,p,b,p,w,o,l,h,y,g
e,f,f,g,t,f,c,b,u,t,b,s,s,g,w,p,w,o,p,n,v,d
p,x,f,y,f,f,c,b,p,e,b,k,k,n,p,p,w,o,l,h,v,p
p,x,y,y,f,f,c,b,p,e,b,k,k,p,n,p,w,o,l,h,v,d
p,x,y,y,f,f,c,b,p,e,b,k,k,n,p,p,w,o,l,h,v,d
p,x,f,g,f,f,c,b,h,e,b,k,k,n,n,p,w,o,l,h,v,d
p,f,f,g,f,f,c,b,p,e,b,k,k,n,p,p,w,o,l,h,y,g
p,x,y,g,f,f,c,b,h,e,b,k,k,p,n,p,w,o,l,h,v,g
p,f,y,g,f,f,c,b,p,e,b,k,k,p,b,p,w,o,l,h,y,g
p,x,s,b,t,f,c,b,w,t,b,f,s,w,w,p,w,o,p,h,s,u
p,f,f,g,f,f,c,b,h,e,b,k,k,n,n,p,w,o,l,h,v,d
p,x,y,g,f,f,c,b,p,e,b,k,k,n,p,p,w,o,l,h,v,g
p,f,f,y,f,f,c,b,g,e,b,k,k,b,b,p,w,o,l,h,y,p
p,f,f,g,f,f,c,b,h,e,b,k,k,n,p,p,w,o,l,h,v,p
p,f,f,g,f,f,c,b,g,e,b,k,k,p,p,p,w,o,l,h,y,d
e,f,f,g,t,f,c,b,w,t,b,s,s,p,w,p,w,o,p,k,y,d
p,x,f,y,f,f,c,b,p,e,b,k,k,b,b,p,w,o,l,h,y,p
p,x,f,y,f,f,c,b,h,e,b,k,k,b,b,p,w,o,l,h,y,p
e,f,y,e,t,f,c,b,u,t,b,s,s,p,p,p,w,o,p,k,y,d
p,f,y,g,f,f,c,b,h,e,b,k,k,b,p,p,w,o,l,h,v,p
p,x,y,y,f,f,c,b,g,e,b,k,k,p,n,p,w,o,l,h,y,d
p,x,f,g,f,f,c,b,g,e,b,k,k,n,p,p,w,o,l,h,v,g
p,x,f,g,f,f,c,b,g,e,b,k,k,p,p,p,w,o,l,h,y,p
e,f,y,n,t,f,c,b,p,t,b,s,s,p,w,p,w,o,p,n,y,d
p,x,y,g,f,f,c,b,h,e,b,k,k,n,n,p,w,o,l,h,v,d
p,f,y,y,f,f,c,b,h,e,b,k,k,p,p,p,w,o,l,h,v,p
p,f,f,y,f,f,c,b,h,e,b,k,k,n,b,p,w,o,l,h,v,d
p,f,f,g,f,f,c,b,h,e,b,k,k,b,b,p,w,o,l,h,y,p
p,f,y,g,f,f,c,b,p,e,b,k,k,p,n,p,w,o,l,h,y,g
p,f,s,b,t,f,c,b,w,t,b,f,f,w,w,p,w,o,p,h,s,u
p,x,y,n,f,f,c,n,b,t,?,k,k,p,p,p,w,o,e,w,v,d
p,x,f,g,f,f,w,n,n,e,b,s,s,w,w,p,w,o,p,k,v,d
p,x,f,p,f,f,w,n,n,e,b,s,s,w,w,p,w,o,p,n,v,d
p,x,y,n,f,f,c,n,b,t,?,s,k,p,w,p,w,o,e,w,v,l
p,f,f,g,f,f,c,b,g,e,b,k,k,n,p,p,w,o,l,h,y,p
p,x,s,g,t,f,c,b,w,t,b,s,f,w,w,p,w,o,p,h,s,u
p,f,y,g,f,f,c,b,h,e,b,k,k,b,p,p,w,o,l,h,y,p
p,x,f,y,f,f,c,b,p,e,b,k,k,b,b,p,w,o,l,h,y,d
p,f,y,g,f,f,c,b,g,e,b,k,k,n,p,p,w,o,l,h,y,p
p,f,f,g,f,f,c,b,h,e,b,k,k,n,b,p,w,o,l,h,y,d
p,f,y,g,f,f,c,b,h,e,b,k,k,b,b,p,w,o,l,h,y,d
p,x,y,g,f,f,c,b,g,e,b,k,k,n,p,p,w,o,l,h,y,g
p,f,f,g,f,f,c,b,h,e,b,k,k,p,p,p,w,o,l,h,y,g
p,x,f,y,f,f,c,b,p,e,b,k,k,b,b,p,w,o,l,h,y,g
p,f,f,y,f,f,c,b,p,e,b,k,k,n,n,p,w,o,l,h,v,g
p,x,f,y,f,f,c,b,h,e,b,k,k,n,b,p,w,o,l,h,v,g
p,x,f,y,f,f,c,b,g,e,b,k,k,b,p,p,w,o,l,h,y,g
p,x,y,y,f,f,c,b,p,e,b,k,k,n,p,p,w,o,l,h,v,g
p,f,s,g,t,f,c,b,h,t,b,s,s,w,w,p,w,o,p,h,v,u
p,x,f,y,f,f,c,b,h,e,b,k,k,n,n,p,w,o,l,h,y,g
p,f,y,g,f,f,c,b,p,e,b,k,k,n,p,p,w,o,l,h,y,d
p,f,f,y,f,f,c,b,g,e,b,k,k,b,p,p,w,o,l,h,v,d
p,x,y,g,f,f,c,b,h,e,b,k,k,b,n,p,w,o,l,h,v,p
p,x,y,g,f,f,c,b,p,e,b,k,k,n,b,p,w,o,l,h,y,p
e,f,y,e,t,f,c,b,p,t,b,s,s,w,w,p,w,o,p,n,v,d
p,f,f,y,f,f,c,b,h,e,b,k,k,n,p,p,w,o,l,h,v,d
p,f,f,g,f,f,c,b,h,e,b,k,k,b,p,p,w,o,l,h,y,d
p,f,y,g,f,f,c,b,h,e,b,k,k,n,p,p,w,o,l,h,v,p
p,x,f,y,f,f,c,b,g,e,b,k,k,b,p,p,w,o,l,h,v,g
p,x,f,y,f,f,c,b,g,e,b,k,k,p,p,p,w,o,l,h,v,p
p,x,f,g,f,f,c,b,h,e,b,k,k,n,b,p,w,o,l,h,y,d
p,x,y,y,f,f,c,b,p,e,b,k,k,p,p,p,w,o,l,h,y,p
p,f,s,w,t,f,c,b,p,t,b,f,f,w,w,p,w,o,p,h,s,u
p,f,f,y,f,f,c,b,h,e,b,k,k,p,n,p,w,o,l,h,v,g
p,f,f,y,f,f,c,b,p,e,b,k,k,b,p,p,w,o,l,h,v,d
p,f,y,g,f,f,c,b,h,e,b,k,k,n,n,p,w,o,l,h,y,p
p,f,f,y,f,f,c,b,p,e,b,k,k,p,b,p,w,o,l,h,y,d
p,f,f,y,f,f,c,b,h,e,b,k,k,b,n,p,w,o,l,h,v,d
p,f,f,g,f,f,c,b,g,e,b,k,k,b,b,p,w,o,l,h,v,p
p,x,f,y,f,f,c,b,h,e,b,k,k,b,p,p,w,o,l,h,y,p
p,f,f,g,f,f,c,b,g,e,b,k,k,p,b,p,w,o,l,h,v,g
p,x,f,y,f,f,c,b,p,e,b,k,k,n,b,p,w,o,l,h,y,d
p,f,y,g,f,f,c,b,p,e,b,k,k,n,n,p,w,o,l,h,v,d
p,x,y,y,f,f,c,b,g,e,b,k,k,n,b,p,w,o,l,h,v,d
p,x,s,w,t,f,c,b,h,t,b,f,s,w,w,p,w,o,p,h,s,g
p,f,f,g,f,f,c,b,p,e,b,k,k,n,b,p,w,o,l,h,y,g
p,x,y,g,f,f,c,b,p,e,b,k,k,n,n,p,w,o,l,h,v,d
p,x,f,y,f,f,c,b,p,e,b,k,k,n,n,p,w,o,l,h,y,g
p,x,y,y,f,f,c,b,g,e,b,k,k,p,p,p,w,o,l,h,v,g
e,f,y,g,t,f,c,b,u,t,b,s,s,g,g,p,w,o,p,n,y,d
p,f,y,y,f,f,c,b,h,e,b,k,k,p,p,p,w,o,l,h,y,p
p,x,y,g,f,f,c,b,h,e,b,k,k,p,n,p,w,o,l,h,y,p
p,f,f,y,f,f,c,b,h,e,b,k,k,p,b,p,w,o,l,h,v,g
p,f,y,y,f,f,c,b,h,e,b,k,k,n,p,p,w,o,l,h,v,p
p,f,f,y,f,f,c,b,g,e,b,k,k,n,p,p,w,o,l,h,y,d
p,x,y,g,f,f,c,b,h,e,b,k,k,p,p,p,w,o,l,h,v,p
p,f,f,g,f,f,c,b,g,e,b,k,k,b,b,p,w,o,l,h,y,g
p,x,y,g,f,f,c,b,g,e,b,k,k,p,p,p,w,o,l,h,y,p
p,x,f,p,f,f,c,n,p,e,b,s,s,w,w,p,w,o,p,k,s,d
p,f,f,y,f,f,c,b,h,e,b,k,k,b,p,p,w,o,l,h,y,g
p,x,y,g,f,f,c,b,g,e,b,k,k,p,n,p,w,o,l,h,v,g
p,f,f,g,f,f,c,b,g,e,b,k,k,p,n,p,w,o,l,h,v,g
p,x,f,y,f,f,c,b,g,e,b,k,k,b,p,p,w,o,l,h,v,p
p,x,y,g,f,f,c,b,h,e,b,k,k,p,b,p,w,o,l,h,y,d
p,x,y,y,f,f,c,b,g,e,b,k,k,n,p,p,w,o,l,h,v,d
p,f,y,g,f,f,c,b,g,e,b,k,k,b,b,p,w,o,l,h,y,p
p,f,y,g,f,f,c,b,p,e,b,k,k,p,n,p,w,o,l,h,v,d
p,f,f,g,f,f,c,b,p,e,b,k,k,n,n,p,w,o,l,h,y,p
p,x,y,y,f,f,c,b,h,e,b,k,k,n,p,p,w,o,l,h,y,g
p,f,f,y,f,f,c,b,p,e,b,k,k,p,p,p,w,o,l,h,y,g
p,x,y,g,f,f,c,b,h,e,b,k,k,n,b,p,w,o,l,h,v,d
p,x,f,g,f,f,c,b,h,e,b,k,k,b,p,p,w,o,l,h,y,p
p,f,f,y,f,f,c,b,p,e,b,k,k,p,p,p,w,o,l,h,v,g
p,f,f,y,f,f,c,b,p,e,b,k,k,n,b,p,w,o,l,h,v,p
p,x,f,y,f,f,c,b,g,e,b,k,k,b,b,p,w,o,l,h,y,d
p,f,y,g,f,f,c,b,g,e,b,k,k,b,p,p,w,o,l,h,y,p
p,x,f,y,f,f,c,b,g,e,b,k,k,b,b,p,w,o,l,h,v,d
p,f,y,g,f,f,c,b,h,e,b,k,k,p,n,p,w,o,l,h,y,g
p,f,y,g,f,f,c,b,h,e,b,k,k,n,b,p,w,o,l,h,v,g
e,k,s,p,t,f,c,b,e,e,?,s,s,w,e,p,w,t,e,w,c,w
p,x,f,y,f,f,c,b,p,e,b,k,k,p,n,p,w,o,l,h,v,d
p,f,f,y,f,f,c,b,p,e,b,k,k,p,n,p,w,o,l,h,v,p
p,f,f,g,f,f,c,b,h,e,b,k,k,b,n,p,w,o,l,h,y,p
p,f,f,g,f,f,c,b,p,e,b,k,k,n,b,p,w,o,l,h,y,p
p,x,y,g,f,f,c,b,g,e,b,k,k,p,p,p,w,o,l,h,y,g
p,f,y,y,f,f,c,b,g,e,b,k,k,b,n,p,w,o,l,h,y,g
p,x,f,y,f,f,c,b,g,e,b,k,k,p,p,p,w,o,l,h,v,d
p,f,f,g,f,f,c,b,g,e,b,k,k,n,n,p,w,o,l,h,v,g
p,f,f,g,f,f,c,b,g,e,b,k,k,p,n,p,w,o,l,h,y,d
p,f,f,y,f,f,c,b,h,e,b,k,k,p,b,p,w,o,l,h,y,g
e,f,y,g,t,f,c,b,w,t,b,s,s,p,w,p,w,o,p,n,y,d
p,f,y,g,f,f,c,b,g,e,b,k,k,n,p,p,w,o,l,h,v,d
p,f,y,g,f,f,c,b,g,e,b,k,k,b,n,p,w,o,l,h,v,g
p,x,y,g,f,f,c,b,p,e,b,k,k,b,n,p,w,o,l,h,y,g
p,x,y,y,f,f,c,b,g,e,b,k,k,p,b,p,w,o,l,h,y,p
p,f,f,y,f,f,c,b,p,e,b,k,k,b,b,p,w,o,l,h,y,d
p,x,f,y,f,f,c,b,g,e,b,k,k,p,n,p,w,o,l,h,v,g
p,f,f,g,f,f,c,b,p,e,b,k,k,b,p,p,w,o,l,h,v,g
p,x,f,y,f,f,c,b,h,e,b,k,k,p,b,p,w,o,l,h,v,d
p,f,f,g,f,f,c,b,h,e,b,k,k,b,b,p,w,o,l,h,v,g
p,f,y,g,f,f,c,b,g,e,b,k,k,b,p,p,w,o,l,h,y,d
p,f,f,g,f,f,c,b,h,e,b,k,k,n,n,p,w,o,l,h,y,g
p,f,y,y,f,f,c,b,h,e,b,k,k,p,p,p,w,o,l,h,v,g
p,x,f,y,f,f,c,b,g,e,b,k,k,b,p,p,w,o,l,h,y,p
p,f,y,g,f,f,c,b,p,e,b,k,k,n,b,p,w,o,l,h,y,g
p,f,y,g,f,f,c,b,p,e,b,k,k,n,b,p,w,o,l,h,v,p
e,x,y,r,f,f,c,n,p,e,?,s,f,w,w,p,w,o,f,h,v,d
p,f,y,y,f,f,c,b,p,e,b,k,k,n,b,p,w,o,l,h,y,g
p,x,f,y,f,f,c,b,g,e,b,k,k,b,p,p,w,o,l,h,y,d
p,f,y,y,f,f,c,b,h,e,b,k,k,b,n,p,w,o,l,h,v,d
p,k,y,n,f,f,c,n,w,e,?,k,y,w,n,p,w,o,e,w,v,d
p,f,f,y,f,f,c,b,p,e,b,k,k,b,p,p,w,o,l,h,y,d
p,x,y,g,f,f,c,b,h,e,b,k,k,b,n,p,w,o,l,h,v,d
p,x,y,g,f,f,c,b,h,e,b,k,k,b,p,p,w,o,l,h,y,g
p,f,y,g,f,f,c,b,g,e,b,k,k,n,p,p,w,o,l,h,y,g
p,x,f,y,f,f,c,b,p,e,b,k,k,p,p,p,w,o,l,h,v,d
p,x,f,g,f,f,c,b,g,e,b,k,k,n,p,p,w,o,l,h,v,d
p,x,y,g,f,f,c,b,g,e,b,k,k,n,b,p,w,o,l,h,v,d
p,x,y,g,f,f,c,b,p,e,b,k,k,n,n,p,w,o,l,h,y,g
e,f,y,e,t,f,c,b,w,t,b,s,s,g,p,p,w,o,p,k,y,d
p,x,y,y,f,f,c,b,h,e,b,k,k,p,p,p,w,o,l,h,v,g
p,f,f,y,f,f,c,b,g,e,b,k,k,n,n,p,w,o,l,h,v,g
p,x,f,y,f,f,c,b,p,e,b,k,k,b,b,p,w,o,l,h,v,p
p,f,f,g,f,f,c,b,h,e,b,k,k,n,b,p,w,o,l,h,y,g
p,x,y,y,f,f,c,b,g,e,b,k,k,n,n,p,w,o,l,h,v,p
p,f,f,g,f,f,c,b,g,e,b,k,k,n,n,p,w,o,l,h,v,p
p,f,y,g,f,f,c,b,g,e,b,k,k,b,n,p,w,o,l,h,y,d
p,f,f,y,f,f,c,b,p,e,b,k,k,p,b,p,w,o,l,h,v,d
p,x,y,g,f,f,c,b,p,e,b,k,k,b,n,p,w,o,l,h,v,g
e,x,s,e,t,f,c,b,e,e,?,s,s,w,e,p,w,t,e,w,c,w
p,f,f,g,f,f,c,b,g,e,b,k,k,p,p,p,w,o,l,h,v,d
p,f,f,y,f,f,c,b,p,e,b,k,k,n,p,p,w,o,l,h,y,d
p,f,y,g,f,f,c,b,g,e,b,k,k,n,n,p,w,o,l,h,y,d
p,x,y,y,f,f,c,b,g,e,b,k,k,p,p,p,w,o,l,h,y,p
p,f,y,g,f,f,c,b,g,e,b,k,k,n,n,p,w,o,l,h,v,d
p,x,f,y,f,f,c,b,h,e,b,k,k,b,b,p,w,o,l,h,y,g
p,b,y,w,t,f,w,n,w,e,b,s,s,w,w,p,w,o,p,w,c,l
p,f,s,b,t,f,c,b,h,t,b,s,s,w,w,p,w,o,p,h,v,u
p,x,y,y,f,f,c,b,p,e,b,k,k,b,p,p,w,o,l,h,y,p
p,f,y,g,f,f,c,b,g,e,b,k,k,b,b,p,w,o,l,h,y,d
p,f,y,g,f,f,c,b,g,e,b,k,k,p,p,p,w,o,l,h,v,p
p,f,y,y,f,f,c,b,p,e,b,k,k,b,p,p,w,o,l,h,v,p
p,f,f,g,f,f,c,b,g,e,b,k,k,n,n,p,w,o,l,h,y,d
p,x,y,y,f,f,c,b,h,e,b,k,k,p,p,p,w,o,l,h,v,d
p,x,f,y,f,f,c,b,p,e,b,k,k,b,p,p,w,o,l,h,v,g
p,f,f,g,f,f,c,b,p,e,b,k,k,b,p,p,w,o,l,h,y,g
p,x,s,w,t,f,c,b,w,t,b,f,f,w,w,p,w,o,p,h,s,u
e,f,y,g,t,f,c,b,n,t,b,s,s,g,p,p,w,o,p,n,v,d
p,x,y,n,f,f,c,n,b,t,?,s,k,w,p,p,w,o,e,w,v,d
p,f,y,g,f,f,c,b,p,e,b,k,k,p,p,p,w,o,l,h,y,d
p,f,f,g,f,f,c,b,g,e,b,k,k,p,n,p,w,o,l,h,y,g
e,f,y,e,t,f,c,b,n,t,b,s,s,p,g,p,w,o,p,k,v,d
e,x,y,b,t,f,c,b,e,e,?,s,s,w,e,p,w,t,e,w,c,w
p,x,y,y,f,f,c,b,h,e,b,k,k,n,b,p,w,o,l,h,v,p
p,x,y,y,f,f,c,b,p,e,b,k,k,n,n,p,w,o,l,h,y,g
p,f,f,y,f,f,c,b,g,e,b,k,k,b,n,p,w,o,l,h,y,g
p,f,y,g,f,f,c,b,p,e,b,k,k,b,b,p,w,o,l,h,y,g
p,x,f,g,f,f,c,b,p,e,b,k,k,n,n,p,w,o,l,h,y,g
p,f,y,y,f,f,c,b,p,e,b,k,k,b,b,p,w,o,l,h,v,g
p,x,y,g,f,f,c,b,h,e,b,k,k,p,p,p,w,o,l,h,v,g
p,x,y,y,f,f,c,b,g,e,b,k,k,p,n,p,w,o,l,h,y,g
p,f,y,g,f,f,c,b,h,e,b,k,k,b,n,p,w,o,l,h,y,p
p,f,y,y,f,f,c,b,h,e,b,k,k,n,b,p,w,o,l,h,y,g
p,x,y,g,f,f,c,b,g,e,b,k,k,p,b,p,w,o,l,h,y,d
p,f,y,g,f,f,c,b,h,e,b,k,k,p,p,p,w,o,l,h,v,d
p,f,y,g,f,f,c,b,p,e,b,k,k,b,n,p,w,o,l,h,y,p
e,x,y,u,f,f,c,n,h,e,?,s,f,w,w,p,w,o,f,h,y,d
p,x,f,g,f,f,c,b,g,e,b,k,k,n,n,p,w,o,l,h,v,g
p,f,f,y,f,f,c,b,g,e,b,k,k,n,p,p,w,o,l,h,v,g
p,f,f,y,f,f,c,b,h,e,b,k,k,p,n,p,w,o,l,h,y,g
p,x,f,y,f,f,c,b,h,e,b,k,k,p,n,p,w,o,l,h,v,g
p,f,f,y,f,f,c,b,h,e,b,k,k,b,b,p,w,o,l,h,v,g
p,f,f,g,f,f,c,b,h,e,b,k,k,p,b,p,w,o,l,h,v,g
p,f,y,g,f,f,c,b,p,e,b,k,k,b,b,p,w,o,l,h,y,d
p,f,f,g,f,f,c,b,h,e,b,k,k,b,n,p,w,o,l,h,v,g
p,f,f,y,f,f,c,b,h,e,b,k,k,b,n,p,w,o,l,h,y,d
p,f,y,g,f,f,c,b,g,e,b,k,k,n,b,p,w,o,l,h,y,g
e,f,f,e,t,f,c,b,u,t,b,s,s,g,w,p,w,o,p,n,y,d
p,f,s,b,t,f,c,b,h,t,b,s,f,w,w,p,w,o,p,h,v,u
p,f,y,g,f,f,c,b,g,e,b,k,k,p,n,p,w,o,l,h,v,d
p,x,y,y,f,f,c,b,p,e,b,k,k,p,b,p,w,o,l,h,y,g
p,f,f,y,f,f,c,b,p,e,b,k,k,p,b,p,w,o,l,h,y,p
p,f,y,y,f,f,c,b,h,e,b,k,k,n,n,p,w,o,l,h,v,d
e,f,y,n,t,f,c,b,u,t,b,s,s,w,g,p,w,o,p,k,v,d
p,f,y,y,f,f,c,b,h,e,b,k,k,b,n,p,w,o,l,h,y,g
e,x,s,b,t,f,c,b,e,e,?,s,s,w,w,p,w,t,e,w,c,w
p,x,y,y,f,f,c,b,p,e,b,k,k,n,p,p,w,o,l,h,y,g
p,x,f,y,f,f,c,b,p,e,b,k,k,p,b,p,w,o,l,h,y,d
p,x,y,y,f,f,c,b,h,e,b,k,k,p,n,p,w,o,l,h,y,g
p,f,y,g,f,f,c,b,g,e,b,k,k,b,b,p,w,o,l,h,v,p
e,f,f,e,t,f,c,b,n,t,b,s,s,g,g,p,w,o,p,k,y,d
p,f,f,y,f,f,c,b,p,e,b,k,k,p,n,p,w,o,l,h,v,d
p,f,f,y,f,f,c,b,p,e,b,k,k,b,n,p,w,o,l,h,v,g
p,x,y,y,f,f,c,b,h,e,b,k,k,n,n,p,w,o,l,h,v,d
p,x,f,y,f,f,c,b,p,e,b,k,k,n,b,p,w,o,l,h,v,g
p,x,y,n,f,f,c,n,b,t,?,k,s,w,p,p,w,o,e,w,v,d
p,f,f,y,f,f,c,b,p,e,b,k,k,p,b,p,w,o,l,h,v,p
p,x,y,y,f,f,c,b,h,e,b,k,k,n,b,p,w,o,l,h,v,g
p,f,f,y,f,f,c,b,g,e,b,k,k,n,n,p,w,o,l,h,v,p
p,f,f,y,f,f,c,b,g,e,b,k,k,n,b,p,w,o,l,h,v,d
p,f,y,g,f,f,c,b,p,e,b,k,k,b,p,p,w,o,l,h,v,p
p,f,y,g,f,f,c,b,h,e,b,k,k,b,b,p,w,o,l,h,v,g
p,x,y,y,f,f,c,b,g,e,b,k,k,b,p,p,w,o,l,h,y,g
p,x,y,y,f,f,c,b,p,e,b,k,k,p,b,p,w,o,l,h,y,p
p,x,y,y,f,f,c,b,h,e,b,k,k,n,b,p,w,o,l,h,y,d
e,f,y,g,t,f,c,b,u,t,b,s,s,p,g,p,w,o,p,k,y,d
p,f,f,g,f,f,c,b,g,e,b,k,k,b,n,p,w,o,l,h,y,d
p,f,y,y,f,f,c,b,h,e,b,k,k,n,p,p,w,o,l,h,v,g
p,x,y,g,f,f,c,b,p,e,b,k,k,b,p,p,w,o,l,h,y,d
e,f,y,n,t,f,c,b,n,t,b,s,s,g,g,p,w,o,p,n,v,d
p,x,y,g,f,f,c,b,g,e,b,k,k,n,n,p,w,o,l,h,y,g
p,x,y,g,f,f,c,b,p,e,b,k,k,p,n,p,w,o,l,h,v,p
p,x,y,y,f,f,c,b,p,e,b,k,k,p,p,p,w,o,l,h,y,g
p,f,f,g,f,f,c,b,h,e,b,k,k,p,b,p,w,o,l,h,y,g
p,x,y,y,f,f,c,b,h,e,b,k,k,b,n,p,w,o,l,h,y,g
p,x,y,y,f,f,c,b,p,e,b,k,k,b,b,p,w,o,l,h,y,p
p,x,y,n,f,f,c,n,b,t,?,s,k,p,w,p,w,o,e,w,v,d
p,f,y,g,f,f,c,b,p,e,b,k,k,n,n,p,w,o,l,h,y,p
p,x,y,g,f,f,c,b,g,e,b,k,k,n,n,p,w,o,l,h,y,p
p,f,y,y,f,f,c,b,h,e,b,k,k,n,n,p,w,o,l,h,y,g
p,x,f,y,f,f,c,b,g,e,b,k,k,n,b,p,w,o,l,h,y,d
p,x,s,w,t,f,c,b,p,t,b,f,f,w,w,p,w,o,p,h,v,u
p,x,y,y,f,f,c,b,g,e,b,k,k,p,b,p,w,o,l,h,v,g
p,x,f,y,f,f,c,b,p,e,b,k,k,p,n,p,w,o,l,h,y,g
p,x,y,y,f,f,c,b,g,e,b,k,k,n,b,p,w,o,l,h,v,p
p,f,y,y,f,f,c,b,h,e,b,k,k,b,n,p,w,o,l,h,v,g
p,x,y,y,f,f,c,b,h,e,b,k,k,n,b,p,w,o,l,h,y,g
p,x,y,y,f,f,c,b,p,e,b,k,k,b,n,p,w,o,l,h,v,p
p,f,y,g,f,f,c,b,p,e,b,k,k,p,n,p,w,o,l,h,y,p
p,f,f,y,f,f,c,b,h,e,b,k,k,b,b,p,w,o,l,h,y,p
p,f,f,g,f,f,c,b,h,e,b,k,k,b,b,p,w,o,l,h,v,p
e,f,y,n,t,f,c,b,p,t,b,s,s,w,p,p,w,o,p,k,y,d
p,x,y,y,f,f,c,b,h,e,b,k,k,b,p,p,w,o,l,h,v,d
p,f,y,g,f,f,c,b,h,e,b,k,k,b,p,p,w,o,l,h,v,g
p,f,y,g,f,f,c,b,g,e,b,k,k,p,b,p,w,o,l,h,v,g
p,x,y,y,f,f,c,b,g,e,b,k,k,b,p,p,w,o,l,h,y,d
p,f,f,g,f,f,c,b,g,e,b,k,k,n,b,p,w,o,l,h,v,p
p,x,y,g,f,f,c,b,p,e,b,k,k,p,p,p,w,o,l,h,v,d
p,x,y,y,f,f,c,b,p,e,b,k,k,b,n,p,w,o,l,h,v,d
p,x,f,y,f,f,c,b,h,e,b,k,k,n,n,p,w,o,l,h,y,d
e,f,f,c,f,f,w,n,w,e,b,s,f,w,n,p,w,o,e,w,v,l
p,f,y,g,f,f,c,b,h,e,b,k,k,p,b,p,w,o,l,h,v,g
p,x,y,g,f,f,c,b,p,e,b,k,k,p,n,p,w,o,l,h,y,p
p,f,f,y,f,f,c,n,w,e,?,k,y,w,y,p,w,o,e,w,v,d
p,f,f,y,f,f,c,b,h,e,b,k,k,p,b,p,w,o,l,h,y,p
p,x,s,g,t,f,c,b,p,t,b,f,s,w,w,p,w,o,p,h,v,g
e,f,s,n,t,f,c,b,e,e,?,s,s,w,w,p,w,t,e,w,c,w
p,x,y,n,f,f,c,n,b,t,?,s,k,p,p,p,w,o,e,w,v,p
p,x,s,g,f,f,w,n,u,e,b,s,s,w,w,p,w,o,p,k,v,d
p,x,f,y,f,f,c,b,g,e,b,k,k,n,n,p,w,o,l,h,y,d
p,f,y,g,f,f,c,b,g,e,b,k,k,p,b,p,w,o,l,h,y,d
p,x,y,y,f,f,c,b,p,e,b,k,k,b,b,p,w,o,l,h,v,g
p,x,y,g,f,f,c,b,p,e,b,k,k,b,b,p,w,o,l,h,y,d
p,f,y,g,f,f,c,b,h,e,b,k,k,b,n,p,w,o,l,h,y,g
p,f,f,y,f,f,c,b,g,e,b,k,k,p,n,p,w,o,l,h,y,g
p,x,f,y,f,f,c,b,p,e,b,k,k,b,b,p,w,o,l,h,v,d
p,f,f,y,f,f,c,b,p,e,b,k,k,b,n,p,w,o,l,h,v,p
p,f,y,y,f,f,c,b,h,e,b,k,k,n,n,p,w,o,l,h,y,d
p,f,f,y,f,f,c,b,h,e,b,k,k,b,p,p,w,o,l,h,v,d
p,x,y,g,f,f,c,b,p,e,b,k,k,b,b,p,w,o,l,h,v,g
p,x,y,g,f,f,c,b,g,e,b,k,k,b,n,p,w,o,l,h,v,d
e,x,s,b,t,f,c,b,w,e,?,s,s,e,w,p,w,t,e,w,c,w
p,f,f,g,f,f,c,b,g,e,b,k,k,p,n,p,w,o,l,h,v,d
p,x,y,n,f,f,c,n,b,t,?,s,s,p,p,p,w,o,e,w,v,l
p,f,y,g,f,f,c,b,p,e,b,k,k,p,n,p,w,o,l,h,y,d
p,f,f,y,f,f,c,b,g,e,b,k,k,b,p,p,w,o,l,h,y,g
p,x,y,y,f,f,c,b,g,e,b,k,k,n,n,p,w,o,l,h,v,d
p,x,f,y,f,f,c,b,h,e,b,k,k,p,b,p,w,o,l,h,v,g
p,f,f,g,f,f,c,b,h,e,b,k,k,n,n,p,w,o,l,h,y,p
p,x,y,g,f,f,c,b,g,e,b,k,k,n,p,p,w,o,l,h,v,p
e,x,y,u,f,f,c,n,h,e,?,s,f,w,w,p,w,o,f,h,v,d
e,f,y,b,t,f,c,b,e,e,?,s,s,e,e,p,w,t,e,w,c,w
p,f,y,y,f,f,c,b,h,e,b,k,k,b,p,p,w,o,l,h,y,d
p,x,y,y,f,f,c,b,g,e,b,k,k,n,p,p,w,o,l,h,y,p
p,f,f,g,f,f,c,b,p,e,b,k,k,p,n,p,w,o,l,h,y,d
p,f,y,g,f,f,c,b,h,e,b,k,k,n,n,p,w,o,l,h,v,g
p,f,f,g,f,f,c,b,h,e,b,k,k,b,b,p,w,o,l,h,y,g
p,f,y,g,f,f,c,b,p,e,b,k,k,n,n,p,w,o,l,h,v,g
p,f,f,y,f,f,c,b,h,e,b,k,k,p,p,p,w,o,l,h,v,d
p,f,y,y,f,f,c,b,h,e,b,k,k,n,p,p,w,o,l,h,y,g
p,f,f,g,f,f,c,b,h,e,b,k,k,n,p,p,w,o,l,h,v,g
p,f,s,b,t,f,c,b,w,t,b,s,f,w,w,p,w,o,p,h,v,g
p,f,s,w,t,f,c,b,g,e,b,s,s,w,w,p,w,t,p,r,v,m
p,x,y,y,f,f,c,b,p,e,b,k,k,p,n,p,w,o,l,h,y,p
p,f,f,y,f,f,c,b,p,e,b,k,k,b,b,p,w,o,l,h,v,p
p,f,y,g,f,f,c,b,g,e,b,k,k,p,p,p,w,o,l,h,v,g
p,x,y,y,f,f,c,b,h,e,b,k,k,n,p,p,w,o,l,h,v,d
p,x,f,y,f,f,c,b,g,e,b,k,k,p,n,p,w,o,l,h,v,p
e,f,f,g,t,f,c,b,u,t,b,s,s,g,g,p,w,o,p,n,v,d
e,x,y,u,f,f,c,n,u,e,?,s,f,w,w,p,w,o,f,h,v,d
p,f,f,y,f,f,c,b,p,e,b,k,k,n,b,p,w,o,l,h,v,g
p,x,y,y,f,f,c,b,p,e,b,k,k,n,b,p,w,o,l,h,v,d
p,x,y,y,f,f,c,b,h,e,b,k,k,n,p,p,w,o,l,h,y,p
p,x,f,y,f,f,c,b,p,e,b,k,k,b,p,p,w,o,l,h,v,d
p,x,y,y,f,f,c,b,g,e,b,k,k,b,n,p,w,o,l,h,y,p
p,f,f,y,f,f,c,b,h,e,b,k,k,n,n,p,w,o,l,h,v,g
p,f,y,g,f,f,c,b,p,e,b,k,k,n,n,p,w,o,l,h,y,g
p,f,y,g,f,f,c,b,g,e,b,k,k,p,n,p,w,o,l,h,v,p
p,x,f,y,f,f,c,b,g,e,b,k,k,p,p,p,w,o,l,h,y,p
e,f,f,e,t,f,c,b,w,t,b,s,s,w,g,p,w,o,p,n,v,d
p,x,y,y,f,f,c,b,h,e,b,k,k,p,p,p,w,o,l,h,y,d
p,f,f,g,f,f,c,b,g,e,b,k,k,n,b,p,w,o,l,h,v,d
p,x,y,g,f,f,c,b,g,e,b,k,k,b,n,p,w,o,l,h,y,p
p,f,y,g,f,f,c,b,g,e,b,k,k,b,p,p,w,o,l,h,v,p
p,f,f,g,f,f,c,b,p,e,b,k,k,b,n,p,w,o,l,h,y,p
p,f,f,g,f,f,c,b,p,e,b,k,k,n,b,p,w,o,l,h,y,d
p,f,y,g,f,f,c,b,h,e,b,k,k,p,n,p,w,o,l,h,y,d
p,x,y,g,f,f,c,b,p,e,b,k,k,n,n,p,w,o,l,h,v,p
p,x,f,w,f,f,c,n,g,e,b,s,s,w,w,p,w,o,p,n,v,d
p,x,f,y,f,f,c,b,p,e,b,k,k,p,n,p,w,o,l,h,v,g
p,f,y,g,f,f,c,b,h,e,b,k,k,p,n,p,w,o,l,h,v,d
p,f,y,g,f,f,c,b,g,e,b,k,k,n,b,p,w,o,l,h,v,d
p,f,f,y,f,f,c,b,g,e,b,k,k,b,n,p,w,o,l,h,y,p
p,f,y,y,f,f,c,b,p,e,b,k,k,n,b,p,w,o,l,h,v,g
p,f,f,y,f,f,c,b,h,e,b,k,k,n,p,p,w,o,l,h,y,p
p,x,f,y,f,f,c,b,h,e,b,k,k,b,p,p,w,o,l,h,v,d
p,f,f,y,f,f,c,b,g,e,b,k,k,n,b,p,w,o,l,h,v,g
p,x,y,y,f,f,c,b,p,e,b,k,k,b,n,p,w,o,l,h,y,p
p,x,f,y,f,f,c,b,p,e,b,k,k,b,b,p,w,o,l,h,v,g
p,f,y,g,f,f,c,b,h,e,b,k,k,n,n,p,w,o,l,h,y,d
p,f,f,g,f,f,c,b,p,e,b,k,k,p,b,p,w,o,l,h,y,d
p,f,f,y,f,f,c,b,g,e,b,k,k,p,n,p,w,o,l,h,v,g
p,f,f,g,f,f,c,b,h,e,b,k,k,p,n,p,w,o,l,h,y,g
p,f,f,y,f,f,c,b,g,e,b,k,k,p,n,p,w,o,l,h,v,d
p,x,y,y,f,f,c,b,g,e,b,k,k,p,p,p,w,o,l,h,y,d
p,x,y,y,f,f,c,b,p,e,b,k,k,b,p,p,w,o,l,h,v,d
p,x,y,y,f,f,c,b,h,e,b,k,k,b,b,p,w,o,l,h,v,d
p,x,y,y,f,f,c,b,g,e,b,k,k,b,p,p,w,o,l,h,v,g
p,x,y,n,f,f,c,n,b,t,?,s,s,p,w,p,w,o,e,w,v,d
e,f,y,b,t,f,c,b,w,e,?,s,s,w,w,p,w,t,e,w,c,w
p,f,y,g,f,f,c,b,p,e,b,k,k,n,b,p,w,o,l,h,y,d
p,f,y,g,f,f,c,b,p,e,b,k,k,p,b,p,w,o,l,h,y,d
p,f,f,g,f,f,c,b,p,e,b,k,k,p,b,p,w,o,l,h,v,p
p,x,f,y,f,f,c,b,p,e,b,k,k,p,n,p,w,o,l,h,v,p
p,f,f,y,f,f,c,b,p,e,b,k,k,b,n,p,w,o,l,h,y,g
p,f,y,g,f,f,c,b,h,e,b,k,k,p,b,p,w,o,l,h,v,p
p,f,y,g,f,f,c,b,h,e,b,k,k,n,b,p,w,o,l,h,y,g
p,f,f,g,f,f,c,b,g,e,b,k,k,n,b,p,w,o,l,h,y,g
p,f,y,g,f,f,c,b,g,e,b,k,k,b,n,p,w,o,l,h,v,d
p,f,f,g,f,f,c,b,h,e,b,k,k,p,b,p,w,o,l,h,v,d
p,f,y,g,f,f,c,b,g,e,b,k,k,p,b,p,w,o,l,h,v,p
p,x,f,g,f,f,c,n,u,e,b,s,s,w,w,p,w,o,p,k,s,d
p,f,s,b,t,f,c,b,w,t,b,f,f,w,w,p,w,o,p,h,v,g
e,f,f,e,t,f,c,b,w,t,b,s,s,g,w,p,w,o,p,k,v,d
p,x,y,g,f,f,c,b,p,e,b,k,k,p,n,p,w,o,l,h,y,d
e,f,f,g,t,f,c,b,u,t,b,s,s,p,w,p,w,o,p,k,v,d
p,x,y,y,f,f,c,b,p,e,b,k,k,b,p,p,w,o,l,h,y,d
p,x,y,y,f,f,c,b,p,e,b,k,k,p,b,p,w,o,l,h,v,p
p,f,f,y,f,f,c,b,p,e,b,k,k,n,p,p,w,o,l,h,y,p
p,x,f,y,f,f,c,b,h,e,b,k,k,b,b,p,w,o,l,h,y,d
p,x,y,g,f,f,c,b,h,e,b,k,k,n,p,p,w,o,l,h,v,g
p,f,s,w,t,f,c,b,w,t,b,s,f,w,w,p,w,o,p,h,s,u
p,x,y,g,f,f,c,b,p,e,b,k,k,p,n,p,w,o,l,h,v,d
p,x,f,y,f,f,c,b,g,e,b,k,k,b,n,p,w,o,l,h,v,g
p,f,y,g,f,f,c,b,g,e,b,k,k,p,p,p,w,o,l,h,y,p
p,x,y,g,f,f,c,b,p,e,b,k,k,p,p,p,w,o,l,h,v,p
p,f,f,y,f,f,c,b,h,e,b,k,k,b,b,p,w,o,l,h,y,d
p,f,y,g,f,f,c,b,p,e,b,k,k,b,b,p,w,o,l,h,v,g
e,f,y,n,t,f,c,b,n,t,b,s,s,p,p,p,w,o,p,n,y,d
p,x,f,y,f,f,c,b,h,e,b,k,k,p,n,p,w,o,l,h,v,p
p,f,f,g,f,f,c,b,h,e,b,k,k,n,p,p,w,o,l,h,y,d
p,x,y,g,f,f,c,b,h,e,b,k,k,n,b,p,w,o,l,h,y,p
p,f,f,y,f,f,c,b,p,e,b,k,k,n,n,p,w,o,l,h,y,g
p,x,f,y,f,f,c,b,h,e,b,k,k,b,b,p,w,o,l,h,v,d
p,x,y,y,f,f,c,b,g,e,b,k,k,b,n,p,w,o,l,h,v,p
p,x,f,y,f,f,c,b,g,e,b,k,k,b,n,p,w,o,l,h,v,p
p,f,y,g,f,f,c,b,g,e,b,k,k,n,p,p,w,o,l,h,v,g
p,x,s,w,t,f,c,b,h,t,b,f,f,w,w,p,w,o,p,h,s,u
e,f,y,e,t,f,c,b,w,e,?,s,s,w,w,p,w,t,e,w,c,w
p,x,y,y,f,f,c,b,p,e,b,k,k,b,n,p,w,o,l,h,v,g
p,x,y,g,f,f,c,b,p,e,b,k,k,n,p,p,w,o,l,h,y,d
p,f,f,g,f,f,c,b,h,e,b,k,k,p,n,p,w,o,l,h,y,d
p,x,y,g,f,f,c,b,g,e,b,k,k,p,b,p,w,o,l,h,y,p
p,f,f,g,f,f,c,b,h,e,b,k,k,b,n,p,w,o,l,h,y,g
p,f,f,y,f,f,c,b,p,e,b,k,k,p,n,p,w,o,l,h,y,g
p,x,y,g,f,f,c,b,h,e,b,k,k,p,p,p,w,o,l,h,y,p
p,f,y,g,f,f,c,b,g,e,b,k,k,n,b,p,w,o,l,h,y,p
e,f,s,p,t,f,c,b,w,e,?,s,s,w,e,p,w,t,e,w,c,w
p,x,y,y,f,f,c,b,g,e,b,k,k,b,p,p,w,o,l,h,y,p
p,f,f,y,f,f,c,b,g,e,b,k,k,b,n,p,w,o,l,h,v,g
p,x,f,y,f,f,c,b,p,e,b,k,k,p,n,p,w,o,l,h,y,d
p,f,y,y,f,f,c,b,g,e,b,k,k,n,p,p,w,o,l,h,y,p
p,x,y,g,f,f,c,b,p,e,b,k,k,b,p,p,w,o,l,h,y,g
p,x,y,g,f,f,c,b,g,e,b,k,k,b,n,p,w,o,l,h,y,d
p,f,f,y,f,f,c,b,g,e,b,k,k,n,p,p,w,o,l,h,y,p
p,f,f,g,f,f,c,b,p,e,b,k,k,b,n,p,w,o,l,h,y,d
p,x,y,g,f,f,c,b,h,e,b,k,k,b,n,p,w,o,l,h,y,p
p,f,f,y,f,f,c,b,p,e,b,k,k,p,p,p,w,o,l,h,v,p
p,f,y,g,f,f,c,b,h,e,b,k,k,n,p,p,w,o,l,h,v,d
p,x,y,g,f,f,c,b,p,e,b,k,k,n,p,p,w,o,l,h,y,g
p,f,f,g,f,f,c,b,h,e,b,k,k,b,b,p,w,o,l,h,v,d
p,x,y,g,f,f,c,b,h,e,b,k,k,n,p,p,w,o,l,h,y,g
p,x,y,g,f,f,c,b,h,e,b,k,k,b,p,p,w,o,l,h,v,p
p,f,f,y,f,f,c,b,h,e,b,k,k,n,p,p,w,o,l,h,v,p
p,x,y,y,f,f,c,b,h,e,b,k,k,n,n,p,w,o,l,h,y,p
p,x,s,g,t,f,c,b,h,t,b,f,f,w,w,p,w,o,p,h,s,g
p,f,y,y,f,f,c,b,h,e,b,k,k,n,n,p,w,o,l,h,v,p
p,x,f,w,f,f,c,n,g,e,b,s,s,w,w,p,w,o,p,k,s,d
p,x,f,y,f,f,c,b,g,e,b,k,k,n,p,p,w,o,l,h,y,d
p,f,s,b,t,f,c,b,h,t,b,f,s,w,w,p,w,o,p,h,s,u
p,x,y,y,f,f,c,b,h,e,b,k,k,p,b,p,w,o,l,h,y,g
p,x,y,g,f,f,c,b,h,e,b,k,k,n,p,p,w,o,l,h,y,d
p,f,s,p,t,f,c,b,w,e,b,s,s,w,w,p,w,t,p,r,v,g
p,f,s,b,t,f,c,b,p,t,b,f,f,w,w,p,w,o,p,h,v,u
p,x,y,g,f,f,c,b,g,e,b,k,k,b,b,p,w,o,l,h,v,g
p,x,y,g,f,f,c,b,h,e,b,k,k,p,b,p,w,o,l,h,y,g
p,f,f,g,f,f,c,b,g,e,b,k,k,p,p,p,w,o,l,h,v,p
p,x,f,y,f,f,c,b,h,e,b,k,k,p,p,p,w,o,l,h,y,p
p,f,f,y,f,f,c,b,h,e,b,k,k,p,n,p,w,o,l,h,v,p
e,f,y,u,f,f,c,n,u,e,?,s,f,w,w,p,w,o,f,h,v,d
p,x,f,y,f,f,c,b,g,e,b,k,k,b,b,p,w,o,l,h,y,g
e,f,f,e,t,f,c,b,w,t,b,s,s,g,w,p,w,o,p,n,v,d
p,f,f,y,f,f,c,b,g,e,b,k,k,n,p,p,w,o,l,h,y,g
p,x,y,n,f,f,c,n,b,t,?,k,s,p,p,p,w,o,e,w,v,l
p,x,y,g,f,f,c,b,g,e,b,k,k,b,b,p,w,o,l,h,y,g
p,x,f,y,f,f,c,b,p,e,b,k,k,b,p,p,w,o,l,h,y,d
p,f,f,g,f,f,c,b,p,e,b,k,k,p,p,p,w,o,l,h,y,g
p,x,y,g,f,f,c,b,g,e,b,k,k,b,b,p,w,o,l,h,v,p
p,x,y,g,f,f,c,b,h,e,b,k,k,b,b,p,w,o,l,h,y,g
p,f,f,y,f,f,c,b,h,e,b,k,k,n,n,p,w,o,l,h,y,g
p,f,y,g,f,f,c,b,g,e,b,k,k,n,p,p,w,o,l,h,v,p
p,f,y,g,f,f,c,b,h,e,b,k,k,p,b,p,w,o,l,h,y,g
e,f,y,n,t,f,c,b,n,t,b,s,s,p,w,p,w,o,p,n,y,d
p,x,y,y,f,f,c,b,g,e,b,k,k,n,p,p,w,o,l,h,v,g
e,f,f,e,t,f,c,b,w,t,b,s,s,w,w,p,w,o,p,k,y,d
p,x,f,y,f,f,c,b,h,e,b,k,k,b,n,p,w,o,l,h,y,d
p,x,y,g,f,f,c,b,h,e,b,k,k,p,b,p,w,o,l,h,y,p
p,f,y,g,f,f,c,b,h,e,b,k,k,p,n,p,w,o,l,h,y,p
p,x,f,y,f,f,c,b,p,e,b,k,k,p,b,p,w,o,l,h,y,p
p,f,f,g,f,f,c,b,h,e,b,k,k,n,b,p,w,o,l,h,v,d
p,f,f,g,f,f,c,b,p,e,b,k,k,p,b,p,w,o,l,h,v,d
p,f,y,g,f,f,c,b,p,e,b,k,k,n,b,p,w,o,l,h,y,p
p,x,f,y,f,f,c,b,g,e,b,k,k,b,p,p,w,o,l,h,v,d
p,x,y,y,f,f,c,b,h,e,b,k,k,p,n,p,w,o,l,h,y,p
p,x,y,g,f,f,c,b,g,e,b,k,k,b,p,p,w,o,l,h,y,d
p,f,f,y,f,f,c,b,g,e,b,k,k,p,b,p,w,o,l,h,y,p
p,f,y,g,f,f,c,b,g,e,b,k,k,b,p,p,w,o,l,h,v,d
p,f,f,y,f,f,c,b,g,e,b,k,k,p,b,p,w,o,l,h,v,d
p,x,y,g,f,f,c,b,h,e,b,k,k,n,p,p,w,o,l,h,v,d
p,x,y,y,f,f,c,b,p,e,b,k,k,b,p,p,w,o,l,h,y,g
p,x,y,g,f,f,c,b,h,e,b,k,k,p,b,p,w,o,l,h,v,d
p,f,y,y,f,f,c,b,h,e,b,k,k,n,b,p,w,o,l,h,v,p
p,x,y,g,f,f,c,b,g,e,b,k,k,b,p,p,w,o,l,h,y,p
p,x,f,y,f,f,c,b,g,e,b,k,k,p,n,p,w,o,l,h,v,d
p,f,y,g,f,f,c,b,g,e,b,k,k,b,b,p,w,o,l,h,v,d
p,f,y,g,f,f,c,b,p,e,b,k,k,p,b,p,w,o,l,h,v,g
p,x,y,y,f,f,c,b,p,e,b,k,k,p,n,p,w,o,l,h,y,d
p,f,f,y,f,f,c,b,h,e,b,k,k,p,b,p,w,o,l,h,y,d
p,x,y,g,f,f,c,b,g,e,b,k,k,p,n,p,w,o,l,h,v,d
p,x,y,y,f,f,c,b,p,e,b,k,k,b,b,p,w,o,l,h,y,d
p,x,y,g,f,f,c,b,g,e,b,k,k,b,p,p,w,o,l,h,y,g
p,x,f,y,f,f,c,b,g,e,b,k,k,n,b,p,w,o,l,h,v,g
p,x,y,g,f,f,c,b,p,e,b,k,k,n,b,p,w,o,l,h,y,d
p,f,f,g,f,f,c,b,p,e,b,k,k,b,b,p,w,o,l,h,v,g
p,x,f,y,f,f,c,b,h,e,b,k,k,n,p,p,w,o,l,h,v,d
p,x,y,g,f,f,c,b,g,e,b,k,k,p,n,p,w,o,l,h,y,d
p,f,f,g,f,f,c,b,p,e,b,k,k,n,b,p,w,o,l,h,v,p
p,x,y,y,f,f,c,b,h,e,b,k,k,n,p,p,w,o,l,h,v,p
p,x,f,y,f,f,c,b,h,e,b,k,k,p,n,p,w,o,l,h,v,d
p,f,y,g,f,f,c,b,p,e,b,k,k,n,n,p,w,o,l,h,y,d
p,f,f,g,f,f,c,b,p,e,b,k,k,b,p,p,w,o,l,h,v,p
e,x,s,p,t,f,c,b,e,e,?,s,s,w,w,p,w,t,e,w,c,w
p,f,f,y,f,f,c,b,p,e,b,k,k,n,p,p,w,o,l,h,v,d
p,x,s,p,f,f,w,n,g,e,b,s,s,w,w,p,w,o,p,k,v,d
p,x,f,y,f,f,c,b,h,e,b,k,k,p,p,p,w,o,l,h,y,g
p,f,f,g,f,f,c,b,g,e,b,k,k,b,p,p,w,o,l,h,y,p
p,x,f,y,f,f,c,b,p,e,b,k,k,n,b,p,w,o,l,h,y,g
e,f,f,e,t,f,c,b,p,t,b,s,s,p,p,p,w,o,p,n,y,d
p,x,y,y,f,f,c,b,g,e,b,k,k,b,n,p,w,o,l,h,v,d
p,x,f,y,f,f,c,b,p,e,b,k,k,b,p,p,w,o,l,h,y,g
p,f,y,g,f,f,c,b,h,e,b,k,k,n,p,p,w,o,l,h,v,g
p,f,f,y,f,f,c,b,p,e,b,k,k,b,p,p,w,o,l,h,y,g
e,f,y,n,t,f,c,b,n,t,b,s,s,p,w,p,w,o,p,n,v,d
p,x,y,y,f,f,c,b,h,e,b,k,k,b,b,p,w,o,l,h,y,p
p,f,f,g,f,f,c,b,h,e,b,k,k,p,b,p,w,o,l,h,v,p
p,f,f,y,f,f,c,b,h,e,b,k,k,p,n,p,w,o,l,h,y,d
p,f,y,y,f,f,c,b,h,e,b,k,k,n,p,p,w,o,l,h,y,d
p,f,y,g,f,f,c,b,h,e,b,k,k,p,p,p,w,o,l,h,v,g
p,f,f,g,f,f,c,b,h,e,b,k,k,b,p,p,w,o,l,h,v,g
p,x,y,y,f,f,c,b,g,e,b,k,k,n,n,p,w,o,l,h,y,g
p,x,s,g,t,f,c,b,h,t,b,f,s,w,w,p,w,o,p,h,s,g
p,x,y,n,f,f,c,n,b,t,?,s,k,p,w,p,w,o,e,w,v,p
p,f,s,g,t,f,c,b,p,t,b,s,f,w,w,p,w,o,p,h,v,g
p,f,y,g,f,f,c,b,g,e,b,k,k,b,n,p,w,o,l,h,y,g
p,f,y,y,f,f,c,b,g,e,b,k,k,p,p,p,w,o,l,h,v,g
p,f,y,g,f,f,c,b,p,e,b,k,k,b,p,p,w,o,l,h,v,d
e,f,y,e,t,f,c,b,e,e,?,s,s,w,e,p,w,t,e,w,c,w
p,f,f,g,f,f,c,b,g,e,b,k,k,b,b,p,w,o,l,h,y,d
p,x,y,y,f,f,c,b,p,e,b,k,k,p,b,p,w,o,l,h,y,d
p,f,f,y,f,f,c,b,p,e,b,k,k,n,b,p,w,o,l,h,y,g
e,f,y,n,t,f,c,b,e,e,?,s,s,e,e,p,w,t,e,w,c,w
p,f,y,g,f,f,c,b,p,e,b,k,k,p,n,p,w,o,l,h,v,g
p,k,f,n,f,f,c,n,w,e,?,k,y,w,n,p,w,o,e,w,v,d
p,f,f,g,f,f,c,b,g,e,b,k,k,b,p,p,w,o,l,h,v,d
p,f,f,y,f,f,c,b,h,e,b,k,k,n,b,p,w,o,l,h,v,p
p,x,y,n,f,f,c,n,b,t,?,s,k,w,p,p,w,o,e,w,v,p
p,f,f,g,f,f,c,b,h,e,b,k,k,p,p,p,w,o,l,h,v,d
p,f,f,g,f,f,c,b,g,e,b,k,k,b,b,p,w,o,l,h,y,p
p,f,s,w,t,f,c,b,w,t,b,f,f,w,w,p,w,o,p,h,v,g
p,f,f,y,f,f,c,b,g,e,b,k,k,b,n,p,w,o,l,h,v,d
p,x,y,g,f,f,c,b,h,e,b,k,k,p,n,p,w,o,l,h,y,g
e,x,y,e,t,f,c,b,w,e,?,s,s,e,e,p,w,t,e,w,c,w
p,f,y,y,f,f,c,b,g,e,b,k,k,n,p,p,w,o,l,h,v,d
p,b,f,y,f,f,c,n,w,e,?,k,y,w,n,p,w,o,e,w,v,d
p,f,y,y,f,f,c,b,p,e,b,k,k,n,n,p,w,o,l,h,v,d
p,x,s,g,t,f,c,b,p,t,b,f,f,w,w,p,w,o,p,h,s,u
p,f,y,y,f,f,c,b,h,e,b,k,k,p,p,p,w,o,l,h,v,d
p,f,f,y,f,f,c,b,p,e,b,k,k,p,b,p,w,o,l,h,v,g
e,k,y,e,t,f,c,b,e,e,?,s,s,w,w,p,w,t,e,w,c,w
p,f,f,y,f,f,c,b,g,e,b,k,k,p,n,p,w,o,l,h,v,p
e,k,y,n,f,f,w,n,w,e,b,f,s,w,n,p,w,o,e,w,v,l
p,x,s,w,f,f,c,n,p,e,b,s,s,w,w,p,w,o,p,n,v,d
p,x,f,y,f,f,c,b,g,e,b,k,k,b,n,p,w,o,l,h,y,g
p,x,f,y,f,f,c,b,g,e,b,k,k,n,b,p,w,o,l,h,v,p
p,f,y,y,f,f,c,b,p,e,b,k,k,n,b,p,w,o,l,h,v,p
p,b,s,b,t,f,c,b,g,e,b,s,s,w,w,p,w,t,p,r,v,g
e,f,y,e,t,f,c,b,n,t,b,s,s,w,p,p,w,o,p,n,y,d
p,b,s,w,t,f,c,b,g,e,b,s,s,w,w,p,w,t,p,r,v,m
e,f,y,p,t,f,c,b,w,e,?,s,s,e,e,p,w,t,e,w,c,w
p,x,s,w,t,f,c,b,p,t,b,f,f,w,w,p,w,o,p,h,v,g
p,x,y,y,f,f,c,b,h,e,b,k,k,n,b,p,w,o,l,h,y,p
p,f,y,g,f,f,c,b,h,e,b,k,k,n,n,p,w,o,l,h,v,d
p,x,y,y,f,f,c,b,h,e,b,k,k,b,n,p,w,o,l,h,v,d
p,x,y,g,f,f,c,b,p,e,b,k,k,n,b,p,w,o,l,h,v,d
p,x,f,y,f,f,c,b,g,e,b,k,k,n,p,p,w,o,l,h,y,p
p,x,y,y,f,f,c,b,h,e,b,k,k,p,n,p,w,o,l,h,y,d
p,x,f,y,f,f,c,b,g,e,b,k,k,b,n,p,w,o,l,h,y,p
p,x,y,g,f,f,c,b,g,e,b,k,k,b,b,p,w,o,l,h,y,p
p,f,f,g,f,f,c,b,p,e,b,k,k,n,n,p,w,o,l,h,v,p
e,k,s,e,t,f,c,b,w,e,?,s,s,e,w,p,w,t,e,w,c,w
e,f,y,n,t,f,c,b,e,e,?,s,s,e,w,p,w,t,e,w,c,w
e,f,s,b,t,f,c,b,w,e,?,s,s,e,w,p,w,t,e,w,c,w
p,x,y,y,f,f,c,b,g,e,b,k,k,b,b,p,w,o,l,h,v,d
e,f,f,g,t,f,c,b,u,t,b,s,s,p,p,p,w,o,p,n,v,d
p,f,f,y,f,f,c,b,p,e,b,k,k,n,n,p,w,o,l,h,y,p
p,f,y,g,f,f,c,b,h,e,b,k,k,p,p,p,w,o,l,h,y,g
p,x,s,g,t,f,c,b,p,t,b,f,f,w,w,p,w,o,p,h,v,g
p,f,f,g,f,f,c,b,p,e,b,k,k,p,p,p,w,o,l,h,v,p
p,x,f,y,f,f,c,b,h,e,b,k,k,p,b,p,w,o,l,h,y,d
p,f,f,y,f,f,c,b,p,e,b,k,k,n,p,p,w,o,l,h,v,g
p,x,y,n,f,f,c,n,b,t,?,k,k,w,w,p,w,o,e,w,v,l
p,f,f,g,f,f,c,b,h,e,b,k,k,b,n,p,w,o,l,h,v,p
e,f,y,n,t,f,c,b,e,e,?,s,s,w,w,p,w,t,e,w,c,w
e,f,y,e,t,f,c,b,p,t,b,s,s,g,p,p,w,o,p,k,v,d
p,f,y,g,f,f,c,b,g,e,b,k,k,p,b,p,w,o,l,h,y,g
p,x,y,y,f,f,c,b,h,e,b,k,k,p,p,p,w,o,l,h,v,p
p,f,f,g,f,f,c,b,p,e,b,k,k,n,n,p,w,o,l,h,y,d
e,f,f,e,t,f,c,b,n,t,b,s,s,p,w,p,w,o,p,n,v,d
p,x,y,y,f,f,c,b,h,e,b,k,k,p,b,p,w,o,l,h,v,p
p,f,f,g,f,f,c,b,p,e,b,k,k,p,n,p,w,o,l,h,v,p
p,b,y,w,t,f,c,b,w,e,b,s,s,w,w,p,w,t,p,r,v,m
p,f,f,y,f,f,c,b,p,e,b,k,k,p,p,p,w,o,l,h,y,p
p,x,y,n,f,f,c,n,b,t,?,k,s,p,w,p,w,o,e,w,v,d
p,f,f,g,f,f,c,b,g,e,b,k,k,p,p,p,w,o,l,h,y,g
p,x,y,y,f,f,c,b,g,e,b,k,k,n,n,p,w,o,l,h,v,g
p,f,y,y,f,f,c,b,g,e,b,k,k,n,n,p,w,o,l,h,y,p
p,x,s,w,t,f,c,b,h,t,b,s,s,w,w,p,w,o,p,h,s,g
p,x,y,g,f,f,c,b,h,e,b,k,k,b,b,p,w,o,l,h,v,p
p,f,s,b,t,f,c,b,w,t,b,f,s,w,w,p,w,o,p,h,s,u
p,x,f,g,f,f,c,n,g,e,b,s,s,w,w,p,w,o,p,k,v,d
p,x,f,y,f,f,c,b,g,e,b,k,k,n,n,p,w,o,l,h,y,p
p,f,y,g,f,f,c,b,p,e,b,k,k,b,p,p,w,o,l,h,y,g
